id,父级,评论页码,评论id,评论时间,评论点赞数,评论者IP归属地,评论者姓名,评论者id,评论者性别,评论者关注数,评论者粉丝数,评论内容
4785707983832954	,4785709913211334	,0,4785710823376020	,2022-06-29 14:57:17,0,,知未科技,6890756658,m,572,138,等待裁决
4785707983832954	,4785709913211334	,0,4807582910779028	,2022-08-28 23:29:09,0,来自北京,和光同尘的blog,1745437191,m,93,138,回复@和光同尘的blog:你好啊
4785707983832954	,0	,13,4785709913211334	,2022-06-29 14:53:39,15,来自河南,拭起回忆,2998699310,m,671,138,法庭会公正的
4785707983832954	,4785709230327731	,0,4785710857191907	,2022-06-29 14:57:24,0,,知未科技,6890756658,m,572,59,
4785707983832954	,0	,9,4785709230327731	,2022-06-29 14:50:57,12,来自辽宁,昕橡,5508865144,f,213,59,我从来没搞懂过，发生了啥
4785707983832954	,4785720718000192	,0,4791968847107716	,2022-07-16 21:24:26,0,来自广东,古香古食龙哥,7606898843,m,7,155,你好重要啊！
4785707983832954	,0	,33,4785720718000192	,2022-06-29 15:36:35,30,来自江苏,Mia啊啊,3254181614,f,285,155,李子柒官司之后的视频如果还是正能量的中华艺术传承，也不恰烂钱的话，我还是很支持她的，李子柒对于文化输出的影响力这道光芒太耀眼，纵然仙女下凡，再上天也还是仙女。
4785707983832954	,0	,12,4785709431129039	,2022-06-29 14:51:44,13,来自河北,passer-byA,5768340576,f,107,116,李子柒这个主播还是很优秀的
4785707983832954	,0	,40,4785734785697441	,2022-06-29 16:32:29,4,来自浙江,離根香,6998213830,f,41,185,已经是双输了
4785707983832954	,0	,19,4785716029030613	,2022-06-29 15:17:57,9,来自福建,敖彡禾,6808700281,m,56,109,一句“资本”就把自己的人设升华，懂得都懂吧，跟着节奏走的结果容易被打脸
4785707983832954	,0	,104,4787225013523696	,2022-07-03 19:14:08,0,来自广东,putsc,5462353058,m,914,91,不知道
4785707983832954	,0	,103,4786395128268414	,2022-07-01 12:16:28,0,来自福建,良辰美景奈何夭,7722347545,m,252,0,理性吃瓜，等开庭结果
4785707983832954	,0	,102,4786391488140655	,2022-07-01 12:02:00,0,来自江苏,我是猫琪琪琪琪,7731863867,f,286,24,马上开庭了呀，蹲一个后续
4785707983832954	,0	,101,4786388359450122	,2022-07-01 11:49:34,0,来自北京,情不知所起一往不深,7731134215,f,101,1,这种商业纠纷，还是相信法院的最终判决吧
4785707983832954	,0	,100,4786386676485956	,2022-07-01 11:42:53,0,来自重庆,我本就喜欢三心二意,7730903048,f,270,12,未知全貌，还是不要过早去点评呢
4785707983832954	,0	,99,4786385115940541	,2022-07-01 11:36:41,0,来自山东,甜甜甜的爱情什么时候轮到我,7731439187,f,147,0,我还是相信法律，法院会给出一个公正的结果
4785707983832954	,0	,98,4786383908506958	,2022-07-01 11:31:53,0,来自上海,你就像记忆里带的光,7730903342,m,216,20,法庭一定会给出公证的判决
4785707983832954	,0	,51,4786009588631916	,2022-06-30 10:44:28,0,来自海南,玛丽莲梦玲儿之小铁栓,2976731655,f,187,1035,
4785707983832954	,0	,47,4786003380802863	,2022-06-30 10:19:48,0,来自安徽,板正的呆酱,7708978073,f,570,139,不要过早下定论了，等后续
4785707983832954	,0	,10,4785709296651226	,2022-06-29 14:51:13,0,来自河南,空空白格子-,6166884169,f,851,66,坐等后续吧
4785707983832954	,0	,30,4785717969946361	,2022-06-29 15:25:41,9,来自广东,凌爱凌爱思,1164383503,f,707,113,我还是支持李子柒
4785707983832954	,0	,45,4785948036695398	,2022-06-30 06:39:53,0,来自浙江,卢有才_,2055906423,m,124,6348,我是不是可以理解成我有个项目，自己没钱，需要别人偷钱，我愿意拿49的股份。后来没想到太赚钱了，觉得事情都是自己做的，资方投的钱早就回本了，赚的比自己还多就不愿意了。
4785707983832954	,0	,17,4785714862752509	,2022-06-29 15:13:19,0,来自山东,高明律师蒙冤大案,7365227231,m,695,7.9万,怎么回事
4785707983832954	,0	,3,4785708973428312	,2022-06-29 14:49:56,4,来自广东,三言二拍-,5469645337,m,1063,1862,关注后续发展
4785707983832954	,0	,89,4786138646316917	,2022-06-30 19:17:18,0,来自山西,我的眼镜去了哪里,7689074684,f,275,51,开庭就知道结果了，谨慎吃瓜
4785707983832954	,0	,88,4786137748735448	,2022-06-30 19:13:44,0,来自山东,控制不了寄几怎么办,7684905657,f,151,106,等待判决，7月4号见分晓
4785707983832954	,0	,87,4786137123525388	,2022-06-30 19:11:15,0,来自山东,心中的花只为你开,7182625838,f,696,1063,终于开庭了，孰是孰非看法院了
4785707983832954	,0	,86,4786135634805301	,2022-06-30 19:05:19,0,来自北京,陌上飘飘忽,7182625461,f,1564,1142,静待开庭，一定会是最公正的判决
4785707983832954	,0	,85,4786134951657528	,2022-06-30 19:02:36,0,来自浙江,2022年暴富可以吗,7163442251,m,969,1059,吃瓜吃瓜，等法院判决
4785707983832954	,0	,83,4786044124267641	,2022-06-30 13:01:42,0,来自上海,清清万年青,7730475015,f,178,12,开庭在即，猜一下谁有理？法律是公正的！
4785707983832954	,0	,82,4786042278513750	,2022-06-30 12:54:22,0,来自福建,酸枣仁睡的甜,7723965671,f,212,12,反正现在也搞不清楚谁对谁错，不过很快就开庭了，等吧！
4785707983832954	,0	,81,4786041754223123	,2022-06-30 12:52:16,0,来自黑龙江,吃辣椒必须辣,7731991243,f,181,10,真的好长时间了，可算是有个结果了，等开庭审理吧！
4785707983832954	,0	,80,4786040507731367	,2022-06-30 12:47:20,0,来自河北,li佳霖儿,5220025287,f,572,72,理性吃瓜是对的，这都要开庭了，
4785707983832954	,0	,77,4786036003311308	,2022-06-30 12:29:26,0,来自北京,相逢细雨蒙濛,6285378961,f,718,1136,马上就开庭了，就看看到底谁说的真话！
4785707983832954	,0	,71,4786032145336736	,2022-06-30 12:14:06,0,来自重庆,可柯我的小baby,2253110503,f,722,1104,法律是公正的，孰是孰非很快出结果
4785707983832954	,0	,67,4786018227849853	,2022-06-30 11:18:48,0,来自陕西,柯依是你的晴儿,6560932430,f,423,1207,法律解决就对了，要不各说各有理，说不清对错
4785707983832954	,0	,64,4786016285888326	,2022-06-30 11:11:05,0,来自湖南,不就是寂寞依然,6901324182,f,442,1173,看法律的判决吧，谁对谁错很快就知道了
4785707983832954	,0	,63,4786015422907909	,2022-06-30 11:07:38,0,来自山西,没有理由不努力呵,7735517383,f,93,3,理性吃瓜，马上就开庭了，等一个后续报道
4785707983832954	,0	,62,4786014536865754	,2022-06-30 11:04:08,0,来自山东,明明有鸣,7729872755,f,108,7,等法律公正的裁决吧，7月4号就知道了
4785707983832954	,0	,59,4786013358786684	,2022-06-30 10:59:27,0,来自陕西,佛系少女很单纯,7729740857,f,135,6,等法律判决吧，公道自在人心
4785707983832954	,0	,58,4786012918121435	,2022-06-30 10:57:41,0,来自江苏,常常想妳,7729215718,f,118,7,7月4号就知道结果了，等法院的判决吧
4785707983832954	,0	,56,4786011739259837	,2022-06-30 10:53:00,0,来自上海,夏筱已,7730873237,f,67,2,蹲个后续，等法律判决就行了
4785707983832954	,0	,55,4786011081281328	,2022-06-30 10:50:24,0,来自广东,眯一会儿可以的嘛,7729116707,f,82,9,自有法律来维持公道，相信法律的判决
4785707983832954	,0	,54,4786010321849919	,2022-06-30 10:47:23,0,来自云南,说已不在,7728638903,f,114,6,法律会做出最好的判决，等后续就行了
4785707983832954	,0	,53,4786010019332732	,2022-06-30 10:46:10,0,来自云南,止步看日出日落,7730088683,f,113,2,现在说什么都为时过早，等法律的判决吧
4785707983832954	,0	,50,4786004891011302	,2022-06-30 10:25:47,0,来自云南,风中无期的飞鸟,7272950803,m,819,1141,商业纠纷而已，等法律判吧
4785707983832954	,0	,49,4786004533969475	,2022-06-30 10:24:22,0,来自浙江,萌萌不懵懵懂懂,6912756499,f,1006,1060,吃吃瓜就好，相信法律会出公正的判决
4785707983832954	,0	,48,4786004126861449	,2022-06-30 10:22:46,0,来自陕西,陌上飘飘忽,7182625461,f,1564,1142,等法律判决吧，现在说还太早了
4785707983832954	,0	,46,4786003065702465	,2022-06-30 10:18:33,0,来自江苏,妹子夏一夏,7730930130,f,408,28,还是等法律判决吧
4785707983832954	,0	,44,4785749821491362	,2022-06-29 17:32:15,0,来自江苏,_大_梦_,6020000959,m,64,25,关键在于微念是直接还是间接持有李子柒IP，李子柒IP正常是该归四川子柒。若微念通过四川子柒间接持有IP那就给李佳佳49%收益；若微念是直接持有李子柒IP，那就让大家看看资本是如何巧取豪夺的
4785707983832954	,0	,43,4785749414642241	,2022-06-29 17:30:37,0,来自安徽,充满热情的伤心猪蹄,6259704460,f,66,3,李子柒在很多年前的一场停更说明里面提过刘同明 里面说到刘同明帮她获得了很多资源和流量是她成功路上的垫脚石
4785707983832954	,0	,42,4785738282958968	,2022-06-29 16:46:23,0,来自江苏,帥帥-小帥,2617432970,f,171,154,所以她不叫李子柒
4785707983832954	,4785726107158222	,0,4785746101405518	,2022-06-29 17:17:27,0,来自北京,我用真心换一生,5484182811,m,285,982,哈哈哈就像加多宝王老吉[机智]
4785707983832954	,4785726107158222	,0,4788933411736822	,2022-07-08 12:22:42,0,来自广东,古香古食龙哥,7606898843,m,7,982,说吧，资本给了你多少钱？李子柒是李佳佳艺名，别想拿走，《民法典》规定的姓名权保护。
4785707983832954	,0	,38,4785726107158222	,2022-06-29 15:58:01,0,来自江西,云梦遇羡,1737481740,f,1220,982,李子柒这个名字不用也罢，以后用李佳佳的名字做视频我们还是一样爱看，人还是这个人，换个名字会影响我们看吗？资本攥着“李子柒”这个名字不撒手就给他
4785707983832954	,0	,36,4785725097378166	,2022-06-29 15:53:59,0,来自湖南,青小胖mm,7357090645,f,56,1,我还是支持李佳佳！
4785707983832954	,0	,16,4785714104107456	,2022-06-29 15:10:18,0,来自辽宁,木头盒子与燃烧的农夫,1910531835,m,1137,131,转发微博
4785707983832954	,0	,7,4785709082740154	,2022-06-29 14:50:22,0,来自山东,谁笑的那么好看,6554142624,f,347,1163,等开庭结果
4785707983832954	,0	,6,4785709062554941	,2022-06-29 14:50:17,0,来自重庆,无情无义无心32010,6421757329,m,412,123,还没有结束吗
4785707983832954	,0	,15,4785713599743313	,2022-06-29 15:08:18,2,来自重庆,男神蘑菇,5883661855,f,176,3,这烂公司怎么又开始了
4785707983832954	,0	,107,4803676982739398	,2022-08-18 04:48:23,0,来自安徽,张梓清呀,7404952686,f,0,0,//@卢有才_:我是不是可以理解成我有个项目，自己没钱，需要别人偷钱，我愿意拿49的股份。后来没想到太赚钱了，觉得事情都是自己做的，资方投的钱早就回本了，赚的比自己还多就不愿意了。
4785707983832954	,0	,60,4786014004446802	,2022-06-30 11:02:01,0,来自宁夏,快乐最重要哇咔咔,7729532401,f,109,6,终于要等来最终判决了，蹲结果
4785707983832954	,0	,57,4786012418478622	,2022-06-30 10:55:43,0,来自四川,之一一声,7730321777,f,69,7,现在说啥都没有用，等法律的最终判决吧
4785707983832954	,0	,52,4786009658887327	,2022-06-30 10:44:45,0,来自江苏,飞花迷,7731647697,f,122,1,7月4号就知道后续了。瓜别吃的太早了
4785707983832954	,0	,35,4785721405081117	,2022-06-29 15:39:19,0,来自四川,無門殿的小木屋,1676622037,f,530,630,本来也沾满铜臭吧
4785707983832954	,0	,108,4803678449959178	,2022-08-18 04:54:12,0,来自安徽,张梓清呀,7404952686,f,0,0,@张梓清呀 不是，是别人以你的名义，你销售的产品开其他公司(比如螺蛳粉)，赚了大把的钱只给你很少分成。品牌不是你的品牌，公司不是你的公司，随时可以把你辞掉。你就是个傀儡 @卢有才_ 是不是可以理解成我有个项目，需要别人投钱，我愿意拿49的股份。后来没想到赚大了，资方赚的比自己还多就不愿意了
4785707983832954	,0	,97,4786370263908948	,2022-07-01 10:37:39,0,来自湖北,泥泥很可爱_,5829049123,f,3293,5400,能做出一个这么大的ip真的挺不容易的
4785707983832954	,0	,96,4786369698989588	,2022-07-01 10:35:24,0,来自湖南,像化了的巧克力,6709616222,f,505,98,这个案子要有一个结果了吗？
4785707983832954	,0	,95,4786369228441299	,2022-07-01 10:33:33,0,来自宁夏,在人生鼎沸处看你,6032578481,m,570,102,法律的公正性会给出一个合理的答案
4785707983832954	,0	,94,4786367660294464	,2022-07-01 10:27:18,0,来自安徽,青椒炒肉多放青椒,6597683251,m,767,116,吃瓜吃的确实是云里雾里，就看最后是怎么出判决的
4785707983832954	,0	,93,4786366040771188	,2022-07-01 10:20:53,0,来自湖北,年度目标正在努力达成中,6708645262,m,382,82,关注一下到最后会是怎么判的
4785707983832954	,0	,92,4786364061057785	,2022-07-01 10:13:01,0,来自江西,悲伤的桃桃乌龙茶,6709615343,f,348,74,才知道这个前因后果，希望快点出结果吧
4785707983832954	,0	,91,4786360906420098	,2022-07-01 10:00:29,0,来自四川,新年会有好运吗,7356964838,m,461,91,还有几天就知道结果了很好奇
4785707983832954	,0	,90,4786356414846173	,2022-07-01 09:42:38,0,来自浙江,这是想你的夜,7472147917,m,592,94,会不会到最后握手言和啊，也是说不定的
4785707983832954	,0	,84,4786131554538433	,2022-06-30 18:49:07,0,来自广东,你真的很特别阿,6045306078,f,588,51,转发微博
4785707983832954	,0	,79,4786037458736018	,2022-06-30 12:35:13,0,来自江苏,柯燃北鼻,6465312774,f,346,1158,法律很公正，庭审会公开吗？
4785707983832954	,0	,78,4786036658407686	,2022-06-30 12:32:02,1,来自山西,心里心理都是你,6964230133,f,251,1085,商业纠纷我们也无法判断谁对谁错，看法律怎么判吧
4785707983832954	,0	,76,4786034988286999	,2022-06-30 12:25:24,0,来自四川,你是枫我是莎,7622428285,f,301,40,都感觉好长期间的，也快开庭了，等！！！
4785707983832954	,0	,74,4786033826470448	,2022-06-30 12:20:47,0,来自湖北,幸福小心欣,6901324250,f,577,1158,公说公有理，婆说婆有理，那么就等待法律的判决吧！
4785707983832954	,0	,72,4786032999924709	,2022-06-30 12:17:29,0,来自贵州,做梦要发财,7727197003,f,230,10,微念起诉，一定是有法可依的，等个结果
4785707983832954	,0	,70,4786022096045442	,2022-06-30 11:34:09,0,来自辽宁,人生几何丹丹姐姐,5422570320,f,1770,112,转发微博
4785707983832954	,0	,65,4786016798118900	,2022-06-30 11:13:07,0,来自浙江,冷暖欣自知,6974411659,f,338,1064,商业纠纷，说不清，只能等法律的判决咯！
4785707983832954	,0	,34,4785721217647642	,2022-06-29 15:38:34,1,来自湖北,Cxj奇点敲股,1351452261,m,1196,9000,李子柒视频高质量，治愈人心！
4785707983832954	,4785715038129664	,0,4785808776888930	,2022-06-29 21:26:30,0,来自广东,古香古食龙哥,7606898843,m,7,8.8万,别人借你5000块钱不还，还让你再拿5000块，它一起还你一万，你不拿就不还你的钱了！
4785707983832954	,0	,18,4785715038129664	,2022-06-29 15:14:02,2,来自四川,钢琴谱分享2333,5642467341,f,31,8.8万,谁对谁错…局外人不可能清楚，就等法律来辨别谁对谁错，咱们普通人该吃吃、该喝喝，小板凳搬好。
4785707983832954	,0	,8,4785709212238819	,2022-06-29 14:50:53,0,来自湖北,李政_16356,3921854666,m,91,51,李子琪妈应该没什么问题吧？
4785707983832954	,0	,4,4785708998856438	,2022-06-29 14:50:02,5,来自河南,梨花飘满花满楼,2763696912,f,411,105,这是发生了什么事情呀
4792914813387718	,4792934505122365	,0,4792970719270938	,2022-07-19 15:45:31,0,来自上海,狸奴miao,6343740779,f,216,13.4万,吃过，现在还吃，而且个人觉得很好吃
4792914813387718	,4792934505122365	,0,4792971122442955	,2022-07-19 15:47:06,0,来自四川,从前从前有个人爱你很久2013,7327855500,m,127,13.4万,之前买的还没吃完
4792914813387718	,0	,137,4792934505122365	,2022-07-19 13:21:37,24,来自河北,2的很有范儿-,1895938705,f,1146,13.4万,你们都吃过李子柒的螺狮粉吗？
4792914813387718	,4792922451740657	,0,4792927962271260	,2022-07-19 12:55:37,0,来自北京,谁的bunny酱,6474423096,f,81,4,一个输出中国文化的人，远比你说的螺蛳粉意义重大
4792914813387718	,4792922451740657	,0,4792971142627414	,2022-07-19 15:47:11,0,来自山东,我是夢琳同學,3290809737,f,171,4,suansh算是网络发达时代靠自己发家致富的红人吧
4792914813387718	,0	,125,4792922451740657	,2022-07-19 12:33:43,3,来自河北,汎1995FunFairFuture,6597713782,f,46,4,李子柒是谁？网红吗
4792914813387718	,4792921730323164	,0,4792930701935214	,2022-07-19 13:06:29,0,来自河南,六个月的梦,7737406120,f,51,645,没有了，名字是别人的了
4792914813387718	,4792921730323164	,0,4792924229862343	,2022-07-19 12:40:46,0,来自上海,阿路1124,2378985845,m,360,645,李佳佳打造了李子柒也享有部分所有权呢？
4792914813387718	,0	,120,4792921730323164	,2022-07-19 12:30:51,11,来自上海,阿路1124,2378985845,m,360,645,想知道微念注册商标李子柒，是不是就和李佳佳没有关系了？还是说李子柒打造了网红李子柒账号也享有一部分所有权呢？
4792914813387718	,0	,112,4792915686065383	,2022-07-19 12:06:50,124,来自河北,印象1949,7313193088,f,28,3,真的很喜欢她的视频，之前她出的每期必追，争论我不懂，只知道她的视频看的很舒服，也是一种文化输出，希望早日回归。
4792914813387718	,4792922714673437	,0,4792930495630222	,2022-07-19 13:05:40,0,来自河南,六个月的梦,7737406120,f,51,1.3万,她视频很好呀，宣传中国文化，这个名字之前就不属于她了 因为资本，
4792914813387718	,4792922714673437	,0,4793325498140066	,2022-07-20 15:15:16,0,来自山西,午餐用,7375139291,f,315,1.3万,太下头了吧你这评论
4792914813387718	,0	,126,4792922714673437	,2022-07-19 12:34:46,10,来自河北,陆地战小虎,6328847008,m,233,1.3万,她怎么了？从一开始就不喜欢她的视频
4792914813387718	,4792922371525791	,0,4792928386159736	,2022-07-19 12:57:18,0,来自四川,是划水大王呢,1724591267,m,38,122,也用不着你这杆枪
4792914813387718	,4792922371525791	,0,4792931741598709	,2022-07-19 13:10:37,0,来自河南,若girasol,2171081465,f,1100,122,对，本质应该是这个问题
4792914813387718	,0	,124,4792922371525791	,2022-07-19 12:33:24,13,来自浙江,好大一只甘蔗鱼,5389497001,m,282,122,利益分配问题，照理说背后营销用了不少钱，营销公司确实得多拿，但不知道他们到底咋分配，所以不做评价，不给任何一方当枪使。
4792914813387718	,0	,123,4792922236782162	,2022-07-19 12:32:52,5,来自河北,音娱妞妞,7349245831,f,186,12万,李子柒怎么了？
4792914813387718	,4792915391942712	,0,4792930532853693	,2022-07-19 13:05:49,0,来自河南,六个月的梦,7737406120,f,51,68,因为资本
4792914813387718	,4792915391942712	,0,4792973167952867	,2022-07-19 15:55:14,0,来自山东,V超时空蓝染V,6753349785,m,213,68,因为被骗了，和公司签了合同肖像权视频啥的都不属于她了。。。现在在打官司。没办法，感觉还是太单纯了。。。
4792914813387718	,0	,1,4792915391942712	,2022-07-19 12:05:40,13,来自河北,姗姗来迟吖-,1803962235,f,159,68,之前好喜欢看李子柒 不明白为什么不更了？
4792914813387718	,0	,121,4792921977787555	,2022-07-19 12:31:50,0,来自河北,吃瓜群众吖-,7222597846,m,31,7,
4792914813387718	,0	,147,4792975412170514	,2022-07-19 16:04:10,0,,超话社区,5878659096,m,276,2.35亿,你好，你感兴趣的“李子柒”已开通了超话社区～ 超话社区是微博旗下兴趣互动社区，快来与志同道合的小伙伴们一起交流互动吧！ 戳我进入&gt;&gt; 李子柒
4792914813387718	,0	,139,4792945746907427	,2022-07-19 14:06:17,0,,微博创作者中心,2892492275,f,585,117.7万,您的博文已进入公域场景推荐流曝光~了解平台政策、提升创作技巧、实现快速成长，创作者学院助您解锁流量密码，详情见网页链接
4792914813387718	,0	,131,4792924325546815	,2022-07-19 12:41:10,12,来自上海,快乐哈哈的小鱼,1901639260,f,352,315,为啥不存在？后续视频精彩就存在了。
4792914813387718	,0	,148,4793020551792812	,2022-07-19 19:03:31,0,来自湖南,来米虫,3859195782,f,698,117,到底是谁起诉谁啊
4792914813387718	,0	,146,4792972933863067	,2022-07-19 15:54:19,5,来自重庆,Mike爱phoebe,5808363979,f,51,21,我之前看别人分析，说公司通过她能赚上亿的钱，但是她本人相当于只能拿到几百万，就是分配不公，才出的事情
4792914813387718	,0	,141,4792970153034870	,2022-07-19 15:43:16,3,来自广东,屎壳郎铲屎官,6758138838,f,112,63,就等她重新更新，等了好久
4792914813387718	,0	,143,4792971210526654	,2022-07-19 15:47:28,1,来自江苏,那悲伤沫念,5653283067,f,382,82,希望子7⃣️能赢，加油
4792914813387718	,0	,145,4792972824543509	,2022-07-19 15:53:52,0,来自山东,V超时空蓝染V,6753349785,m,213,32,#李子柒#  希望可以再看到她的视频
4792914813387718	,0	,144,4792972224499758	,2022-07-19 15:51:30,0,来自河南,2319tt,6502566526,f,119,2,挺喜欢，早日回归
4792914813387718	,0	,138,4792944295677516	,2022-07-19 14:00:31,0,来自重庆,软萌灰兔兔,6527017673,m,49,118,人就是什么都想要（不排除你最后一句话也是勾引观众发评论的手段）
4792914813387718	,0	,134,4792929094209349	,2022-07-19 13:00:07,0,来自江苏,沙式比亚猪,7610457282,f,76,6,李子柒？
4792914813387718	,0	,114,4792915689475556	,2022-07-19 12:06:51,0,来自湖北,广商10计二,2709416077,m,203,49,之前好喜欢看李子柒 不明白为什么不更了？
4792914813387718	,0	,106,4792915676628733	,2022-07-19 12:06:48,0,来自河南,更爱游泳圈,2822182023,m,549,15,之前好喜欢看李子柒 不明白为什么不更了？
4792914813387718	,0	,90,4792915635733805	,2022-07-19 12:06:38,0,来自江西,assdkkkl,2649161891,m,373,29,﻿看完必须赞一下，感谢博主！
4792914813387718	,0	,89,4792915634684434	,2022-07-19 12:06:37,0,来自陕西,赵天乐V,1439948977,m,134,172,谢谢博主的分享！学到了
4792914813387718	,0	,88,4792915631805413	,2022-07-19 12:06:37,0,来自江苏,我们都在平凡中寻找快乐少爷,6360732208,m,109,59,之前好喜欢看李子柒 不明白为什么不更了？
4792914813387718	,0	,62,4792915605587219	,2022-07-19 12:06:30,0,来自山东,woniu先生,5653421106,m,105,35,之前好喜欢看李子柒 不明白为什么不更了？
4792914813387718	,0	,44,4792915597461432	,2022-07-19 12:06:29,0,来自河南,森v少,2423831715,m,287,139,真的很好，爱了，转走！
4792914813387718	,0	,42,4792915597198925	,2022-07-19 12:06:29,0,来自河南,爱晒太阳的Pig少年,5402673210,m,236,46,留下我的评论，最起码知道我来看过你
4792914813387718	,0	,45,4792915596938262	,2022-07-19 12:06:29,0,来自河南,小小太阳能呀,2006709153,m,363,148,我会一直关注下去，希望越来越好
4792914813387718	,0	,22,4792915593265193	,2022-07-19 12:06:27,0,来自江苏,容桂中学__初二5班,2697854900,f,15,32,喜欢，这就是我关注的
4792914813387718	,0	,142,4792971029383129	,2022-07-19 15:46:45,0,来自重庆,敢为531,7578754270,m,35,0,质量很好
4792914813387718	,0	,116,4792915689476292	,2022-07-19 12:06:51,0,来自海南,qijing邱_680,2808631560,f,53,4,留下我的评论，最起码知道我来看过你
4792914813387718	,0	,104,4792915676627237	,2022-07-19 12:06:47,1,来自贵州,chunjie629330,3635885874,m,54,2,棒棒的，爱了，转走
4792914813387718	,0	,133,4792928402933879	,2022-07-19 12:57:21,0,来自河南,广千陵···,6080001158,f,114,34,转发微博
4792914813387718	,0	,128,4792923734409478	,2022-07-19 12:38:48,0,来自河北,荷花香艳,6084486892,f,208,185,李子柒塌方了吗
4792914813387718	,0	,127,4792923273036480	,2022-07-19 12:36:58,1,来自广东,玉林猫舍,2619383931,m,479,148,自己开账号吧！无条件支持
4792914813387718	,0	,122,4792922073203855	,2022-07-19 12:32:12,0,来自河北,疯女人wind,6093001658,m,29,11,李子柒
4792914813387718	,0	,119,4792921583261433	,2022-07-19 12:30:16,0,来自浙江,shaosylvia2479,6393439256,f,6,0,人家太子给钱啦
4792914813387718	,0	,118,4792915702054942	,2022-07-19 12:06:53,0,来自海南,林-紫瑾,2035962653,f,165,24,棒棒的，爱了，转走
4792914813387718	,0	,110,4792915680825179	,2022-07-19 12:06:49,0,来自江苏,默默哭闹苦笑,2009259855,f,243,80,之前好喜欢看李子柒 不明白为什么不更了？
4792914813387718	,0	,94,4792915664833023	,2022-07-19 12:06:45,0,来自广东,霆茫茫,2862199771,m,146,37,谢谢博主的分享！学到了
4792914813387718	,0	,93,4792915664306278	,2022-07-19 12:06:44,0,来自江苏,沙式比亚猪,7610457282,f,76,6,我写下这句评论，说明我来过，我看过，我喜欢上了。你说咋办？
4792914813387718	,0	,86,4792915631276084	,2022-07-19 12:06:36,0,来自江苏,水瓶超0126,3854826562,m,65,2,谢谢博主的分享！学到了
4792914813387718	,0	,82,4792915627084788	,2022-07-19 12:06:36,0,来自江苏,勿忘我的花语85_214,5202537792,f,580,6,突然爱上了，怎么办
4792914813387718	,0	,84,4792915627086772	,2022-07-19 12:06:36,0,来自江苏,虚无漂渺11女郎_663,2904242390,f,134,8,这也太美了吧
4792914813387718	,0	,81,4792915623153921	,2022-07-19 12:06:35,0,来自河南,晴天玉儿2,5609318198,f,496,117,之前好喜欢看李子柒 不明白为什么不更了？
4792914813387718	,0	,80,4792915618434253	,2022-07-19 12:06:34,0,来自海南,如果西瓜不可以吃-,3721917582,m,159,1,这也太了
4792914813387718	,0	,78,4792915618956063	,2022-07-19 12:06:33,0,来自江苏,思埠下的小花_314,5092883822,f,220,3,来了！转一下
4792914813387718	,0	,69,4792915615024634	,2022-07-19 12:06:32,0,来自河南,见过陌大人,2761753110,f,313,8,之前好喜欢看李子柒不明白为什么不更了？
4792914813387718	,0	,71,4792915613976278	,2022-07-19 12:06:33,0,来自河南,耶稣基督958,1098060620,m,149,138,支持你哦
4792914813387718	,0	,67,4792915613974702	,2022-07-19 12:06:32,0,来自内蒙古,密小柚,3754154694,f,427,14,突然爱上了，怎么办
4792914813387718	,0	,74,4792915613977755	,2022-07-19 12:06:33,0,来自江苏,just_rich,3538926741,m,396,26,太喜欢了，谢谢博主的分享，赞了，关注
4792914813387718	,0	,68,4792915613975350	,2022-07-19 12:06:33,0,来自河南,yobobo冰淇淋,3057372131,f,250,3,太喜欢了，谢谢博主的分享，赞了，关注
4792914813387718	,0	,65,4792915609780392	,2022-07-19 12:06:31,0,来自内蒙古,旧时光time小窝,2867377100,f,573,13,突然爱上了，怎么办
4792914813387718	,0	,63,4792915606113676	,2022-07-19 12:06:31,0,来自江苏,山水飞鹰,2522047827,m,254,146,之前好喜欢看李子柒 不明白为什么不更了？
4792914813387718	,0	,51,4792915601653935	,2022-07-19 12:06:29,0,来自广西,不敗的魔術師YangWenLi,3777905473,m,498,60,突然爱上了，怎么办
4792914813387718	,0	,52,4792915601916502	,2022-07-19 12:06:29,0,来自广西,虚作之兰,1834868077,f,1281,167,太喜欢了，谢谢博主的分享，赞了，关注
4792914813387718	,0	,54,4792915602441750	,2022-07-19 12:06:29,0,来自广西,青蛙蛋少女,5647227294,f,653,4,爱了！只有你
4792914813387718	,0	,50,4792915597991349	,2022-07-19 12:06:29,0,来自广西,南止梧桐,1858871060,f,465,24,爱了！只有你
4792914813387718	,0	,49,4792915596939667	,2022-07-19 12:06:29,0,来自广西,woodorw_55372,3379703222,m,287,14,必须赞，支持一下吧
4792914813387718	,0	,36,4792915596935280	,2022-07-19 12:06:28,0,来自重庆,飘零的雨168,2653748960,f,711,61,之前好喜欢看李子柒不明白为什么不更了？
4792914813387718	,0	,39,4792915597460034	,2022-07-19 12:06:28,0,来自广西,Asvrly丶,5655538597,f,710,8,想一个人有多想念，那又是文字失效瞬间。
4792914813387718	,0	,43,4792915597987333	,2022-07-19 12:06:29,0,来自广西,一曲一相思丶,5364318408,m,620,39,棒棒的，爱了，转走
4792914813387718	,0	,33,4792915593268713	,2022-07-19 12:06:28,0,来自河南,魔_血影,3306637685,m,300,107,努力前行吧
4792914813387718	,0	,27,4792915593792951	,2022-07-19 12:06:27,0,来自重庆,Momo在等等,5583763383,m,106,12,太喜欢了，谢谢博主的分享，赞了，关注
4792914813387718	,0	,35,4792915592746411	,2022-07-19 12:06:28,0,来自河南,无与伦比的爱坤,2096859017,m,221,108,突然爱上了，怎么办
4792914813387718	,0	,32,4792915592745895	,2022-07-19 12:06:28,0,来自河南,简单的小生活223,3300261461,f,99,50,冲鸭冲鸭！
4792914813387718	,0	,25,4792915593528982	,2022-07-19 12:06:27,0,来自山东,提开头的字母,5707051702,m,251,99,在不同的遭遇里我发现你的瞬间，有种不可言说的温柔直觉。
4792914813387718	,0	,34,4792915594057084	,2022-07-19 12:06:28,0,来自河南,灬悲催的世界氵,2923974507,m,282,117,期待更精彩的你！
4792914813387718	,0	,28,4792915594055212	,2022-07-19 12:06:28,0,来自河南,像一颗炮弹,5143026004,m,193,60,转一下说明我持续关注中，谢谢
4792914813387718	,0	,31,4792915593268502	,2022-07-19 12:06:28,0,来自江苏,罗正的贝拉拉,6369014522,f,75,30,必须赞，支持一下吧
4792914813387718	,0	,12,4792915589596844	,2022-07-19 12:06:26,0,来自江苏,迅雷不急掩耳盗铃响叮叮当当_183,2826717261,m,84,7,棒棒的，爱了，转走
4792914813387718	,0	,11,4792915584616544	,2022-07-19 12:06:26,0,来自贵州,萌萌的筱,6368331651,f,55,30,我写下这句评论，说明我来过，我看过，我喜欢上了。你说咋办？
4792914813387718	,0	,9,4792915567577554	,2022-07-19 12:06:22,0,来自上海,the_hornet_wow_451,5019217689,m,387,5,之前好喜欢看李子柒不明白为什么不更了？
4792914813387718	,0	,8,4792915554995038	,2022-07-19 12:06:19,0,来自上海,氺是冰滴温柔_993,1885292500,m,664,12,谢谢博主的分享！学到了
4792914813387718	,0	,7,4792915551065247	,2022-07-19 12:06:18,0,来自上海,木哈哈哈10,3799041221,m,434,3,之前好喜欢看李子柒不明白为什么不更了？
4792914813387718	,0	,3,4792915505451958	,2022-07-19 12:06:07,0,来自陕西,谢_小邂,1767498652,f,333,61,谢谢博主的分享！学到了
4792914813387718	,0	,55,4792915601394077	,2022-07-19 12:06:30,0,来自新疆,悄悄1234小宝宝_755,3862717383,f,322,12,突然爱上了，怎么办
4792911403421279	,4792912309390442	,0,4792912510715485	,2022-07-19 11:54:13,0,来自甘肃,芽芽和鼠标仔炒鸡可爱,7733364559,f,76,4,李子柒心灵手巧，给我留下了蛮深的印象
4792911403421279	,0	,1,4792912309390442	,2022-07-19 11:53:25,4,来自甘肃,芽芽和鼠标仔炒鸡可爱,7733364559,f,76,4,李子柒是我初高中在语文作业里面看过的人，还写过关于她的作文，怎么可能不知道
4792911403421279	,0	,114,4792971910186492	,2022-07-19 15:50:15,0,,超话社区,5878659096,m,276,2.35亿,你好，你感兴趣的“李子柒”已开通了超话社区～ 超话社区是微博旗下兴趣互动社区，快来与志同道合的小伙伴们一起交流互动吧！ 戳我进入&gt;&gt; 李子柒
4792911403421279	,0	,86,4792936284556233	,2022-07-19 13:28:41,0,来自浙江,祖國花骨哚死,7745980224,f,227,11,太喜欢这个了，你也同感是不
4792911403421279	,0	,82,4792936274856287	,2022-07-19 13:28:38,0,来自江苏,梦幻舞颟nalai,7746496069,f,488,11,是我喜欢的
4792911403421279	,0	,76,4792936237370792	,2022-07-19 13:28:30,0,来自安徽,花小瞳IANc,7745434659,f,1173,10,我真的out了
4686743301259936	,4686851010988036	,0,4687087889025299	,2021-09-30 11:24:57,0,,M__柒,2458966090,f,635,43,前期没有摄影师，她有段时间被黑得很惨，说她是有团队炒作，她发了视频素材，都是她自己固定相机到关相机
4686743301259936	,4686851010988036	,0,4687382756721379	,2021-10-01 06:56:39,0,,Sunny_________day,3848790627,m,84,43,这是人设啊，有团队包装的
4686743301259936	,0	,72,4686851010988036	,2021-09-29 19:43:41,946,,菜菜山川,3913519636,f,556,43,她打工很多年了，攒了点钱回家陪奶奶，我不知道她有没有请摄影师，请了的话也不用请多贵的摄影师，视频是自己剪，成本用不了多少。而且她是火了以后微念才找她合作的，不是零孵化是相互成就的关系。微念现在估值几十亿，控制的天猫李子柒店年销售额十几亿，但是却想把人家当个小网红对待，想独吞成果
4686743301259936	,4686744210901070	,0,4686817867859822	,2021-09-29 17:31:59,0,,纱纱面,1863565294,f,1666,100,说的是，明明是人家个人先打了基础先红起来了资本跟进的，视频直接标题“被资本捧红又和资本闹掰”云云，可以说屁股不能更歪了
4686743301259936	,4686744210901070	,0,4686746619217581	,2021-09-29 12:48:52,0,,sfx7rail,2414425925,m,104,100,我记得之前是微博控股的公司把他扶持的吧，一般人哪来的想法 设备去拍视频
4686743301259936	,0	,2,4686744210901070	,2021-09-29 12:39:18,569,,亚瑟王_圆桌骑士,1028430780,m,96,100,先红了才有的资本吧？
4686743301259936	,0	,36,4686786729347064	,2021-09-29 15:28:15,399,,皮卡丘萌我一脸,7559574541,m,340,27,时代和粉丝造就的李子柒，说公司打造好没头脑
4686743301259936	,4686770392793699	,0,4687050730637117	,2021-09-30 08:57:18,0,,H-ga-ying,2349408774,f,274,64,我看她视频是因为她，又不是因为她后背的资本，在一开始她没资本捧的时候就在看了，哎，可惜了
4686743301259936	,0	,31,4686770392793699	,2021-09-29 14:23:19,245,,Hamhamhamham,5533304147,m,595,64,没有了灵魂人物，就没有了生命力
4686743301259936	,4686757305518714	,0,4686987040653389	,2021-09-30 04:44:13,0,,yuleku,2449363575,m,390,4977,还有翔翔大作战，现在小翔哥换个号，流量又回来了。中国人民天然就站在资本对立面，资本别太嚣张，有舍有得，得看开点。
4686743301259936	,4686757305518714	,0,4687223172369173	,2021-09-30 20:22:31,0,,就4紧到长不乖,5756066539,f,80,4977,中国人民天然站在资本的对立面说得好
4686743301259936	,0	,13,4686757305518714	,2021-09-29 13:31:20,199,,水上风扬,2963719165,m,159,4977,网红收割粉丝，资本收割网红。李子柒火到这种程度，已经超脱了能完全被掌控的范围，力有不逮，这大概是资本想不到的。就像网红敬汉卿被告侵权抢注商标，没想到人家用的是真名。太自信了总归不好。
4686743301259936	,0	,11,4686750133520014	,2021-09-29 13:02:50,154,,相望江湖再见,2690376432,m,673,1159,可恶的资本家！那个公司己经背离了社会主义核心价值观！
4686743301259936	,4686766445169453	,0,4687164829600681	,2021-09-30 16:30:41,0,,牛笔的自己,6271135390,f,73,214,真的太坏了，那个阿巴阿巴最坏，连中国菜篮子寿光都盯上了，弄了些什么毒东西。
4686743301259936	,4686766445169453	,0,4692567273508334	,2021-10-15 14:18:04,0,,啊祖的微博,1796934580,m,914,214,回复@牛笔的自己:政府投入那么多钱建好菜篮子工程。资本就想进入收割。那要刮台风菜价指定比肉贵。
4686743301259936	,0	,24,4686766445169453	,2021-09-29 14:07:39,148,,InAndOutOfLove,1957090612,m,757,214,杭州那帮人太坏了
4686743301259936	,4686845327705572	,0,4697383546128243	,2021-10-28 21:16:12,0,,swayingjane,2470253834,m,135,190,回复@孙子爱叫大爷:是的，我就这个意思
4686743301259936	,0	,71,4686845327705572	,2021-09-29 19:21:06,65,,swayingjane,2470253834,m,135,190,人家是自己先火起来的，从拿手机拍开始
4686743301259936	,0	,38,4686787342238251	,2021-09-29 15:30:40,61,,是麻麻喜欢的苹果头,7473640535,m,621,71,最近很多人说李子柒是演员公司打造什么的，真的好可笑，她明显是被粉丝捧红的吧……
4686743301259936	,4686805213383996	,0,4687361734869297	,2021-10-01 05:33:07,0,,云青水灵,5529306566,m,573,49,李子柒不是一个人！ 而是一个网名，英文叫ID，遇到杭州微念老板刘同明之前，李子柒还叫李佳佳，或者说李子柒还不是一个知名ID
4686743301259936	,0	,56,4686805213383996	,2021-09-29 16:41:42,43,,沿海大通道边上的字拆了吗,5484874130,m,49,49,建议柳州市直接跟李子柒合作。
4686743301259936	,4686931923568085	,0,4687420270315638	,2021-10-01 09:25:43,0,,未央_小贝,2170258617,f,197,223,可是精通法律的人拍不出这种视频来，每个人都有自己擅长的一部分。
4686743301259936	,4686931923568085	,0,4687312489807893	,2021-10-01 02:17:25,0,,椰子椰子肉,1807055422,f,355,223,大概什么个意思呢 李子柒吃亏了是吧
4686743301259936	,0	,91,4686931923568085	,2021-09-30 01:05:12,39,,寰野ing,5800110301,f,827,223,公司法老师讲过李子柒的例子，告诉我们学好法律的重要性
4686743301259936	,0	,63,4686823206421038	,2021-09-29 17:53:11,16,,我在成都飘,5590115901,m,71,274,资本的吃相有点难看
4686743301259936	,0	,14,4686759440943197	,2021-09-29 13:39:49,18,,元气manman,3717291384,f,328,108,讲的很专业
4686743301259936	,4687165588768874	,0,4687225822906538	,2021-09-30 20:33:03,0,,sweetie小嗲精,6200191587,f,82,588,我也觉得， 14块的螺蛳粉真的不便宜 还有酸辣粉，
4686743301259936	,0	,155,4687165588768874	,2021-09-30 16:33:42,31,,月亮家的喵星人,2598325592,f,959,588,她当初开网店我就觉得变味了，东西好贵！原来是资本搞的鬼，这也太欺负人了。
4686743301259936	,0	,49,4686796724111191	,2021-09-29 16:07:57,24,,篍声,1730557737,f,296,206,67% 51% 34%，控制权。一票否决。唉，资本的运作，闲人一窍不通。
4686743301259936	,0	,88,4686911002904215	,2021-09-29 23:42:03,19,,500年前的一棵树,5995260860,m,120,8,资本的贪念太难看，还是真的经验不足，掉进资本的坑了
4686743301259936	,0	,62,4686821247681180	,2021-09-29 17:45:24,14,,吉平祥安,2213227120,m,1104,497,支持李佳佳丶沉香里！
4686743301259936	,0	,64,4686823555861351	,2021-09-29 17:54:35,8,,没有激情ta,3597437144,m,447,157,对各方都有警示意义！
4686743301259936	,4686749119549777	,0,4686809617403598	,2021-09-29 16:59:12,0,,沿海大通道边上的字拆了吗,5484874130,m,49,72,是在微博里红的，然后有人把视频搬运到油管上。
4686743301259936	,0	,8,4686749119549777	,2021-09-29 12:58:48,4,,波锅bo,1154844487,m,537,72,她是在油管先红的吧
4686743301259936	,0	,68,4686840319181037	,2021-09-29 19:01:11,6,,Wing小弈,7589789670,m,866,182,因为渣浪观碗也是资本要饭贼//@纱纱面:说的是，明明是人家个人先打了基础先红起来了资本跟进的，视频直接标题“被资本捧红又和资本闹掰”云云，可以说屁股不能更歪了//@亚瑟王ys:先红了才有的资本吧？
4686743301259936	,4686770274567344	,0,4687312422437057	,2021-10-01 02:17:09,0,,墨羽轩_归去来,2553005183,m,603,319,建议柳州市直接跟李子柒合作。
4686743301259936	,4686770274567344	,0,4687523760048123	,2021-10-01 16:16:57,0,,小布小岛,2961691350,f,222,319,回复@墨羽轩_归去来:柳州有自己的牌子的螺蛳粉。为啥一定要和她合作？
4686743301259936	,0	,30,4686770274567344	,2021-09-29 14:22:51,7,,与你共读,2522163307,f,487,319,柳州螺丝粉更好吃，也不贵
4686743301259936	,4687425089045320	,0,4696879029553565	,2021-10-27 11:51:27,0,,人间庸才,6085776883,f,251,572,哈哈哈也行倒是
4686743301259936	,4687425089045320	,0,4687799934517571	,2021-10-02 10:34:21,0,,係哩嘛哩,7462656532,f,48,572,哈哈哈，加多宝和王老吉
4686743301259936	,0	,214,4687425089045320	,2021-10-01 09:44:51,4,,北堂圣千Pallas,1152097243,f,1584,572,改名李子玖 我都会重新关注 惯的资本
4686743301259936	,4686760045710189	,0,4687064719428619	,2021-09-30 09:52:53,0,,远山岭雪,1745586102,m,2963,180,
4686743301259936	,0	,15,4686760045710189	,2021-09-29 13:42:13,10,,梦花结香,1910909651,m,236,180,文化产品有自己的发展规律，不能急功近利。
4686743301259936	,0	,160,4687183631617828	,2021-09-30 17:45:24,5,,乔子澈,1886427093,f,1715,7万,我好喜欢李子柒啊呜呜
4686743301259936	,0	,50,4686797042354723	,2021-09-29 16:09:14,5,,努力正直,5468826358,m,94,23,一群矫揉造作惺惺作态故作狼狈为奸博眼球骗网民的东西
4686743301259936	,0	,131,4687098180798122	,2021-09-30 12:05:50,5,,蝈蝈时间,2738764941,m,1008,284,没有看过一期李子柒。
4686743301259936	,4687812496984526	,0,4688297417246255	,2021-10-03 19:31:11,0,,卓玥玥玥玥,5548097282,f,477,321.7万,从哪里查到是从一万粉丝时加入的，不是几百万粉丝后加入的？
4686743301259936	,0	,270,4687812496984526	,2021-10-02 11:24:17,1,,万能的大熊,1095240537,m,4819,321.7万,影视经纪约就比较成熟，大家能接受经纪人分钱。网红约不确定性就很大，现在大家都不太敢投mcn了。听说双方就是对半分，李现在的要求也比较过，可能谈不拢。但微念确实是从粉丝1万的时候就加入推广了，说事后参与也不准确。
4686743301259936	,4686761906669415	,0,4687226115458015	,2021-09-30 20:34:12,0,,越来越喜欢吃甜食,7245878108,f,88,309,他们要的也太多了，且看明星和资本合资创的公司股权都是五五开你就知道了，51％就是个陷阱
4686743301259936	,0	,16,4686761906669415	,2021-09-29 13:49:37,3,,NameGuyCardTree,1741657401,m,68,309,资本投那么多钱，要收回也没错啊
4686743301259936	,4686743843113394	,0,4686749807414135	,2021-09-29 13:01:32,0,,丶冧,3828465352,f,258,136,网红明星那个不是资本捧红的？就拿痘印火的那个井川里予也是被捧红的。
4686743301259936	,4686743843113394	,0,4687225264281180	,2021-09-30 20:30:50,0,,滿城花祭淚_,7491042063,m,464,136,回复@丶冧:都是先火了才有人找上门来的！
4686743301259936	,0	,1,4686743843113394	,2021-09-29 12:37:49,6,,蜜少最帅,2084003885,m,907,136,人家不是被资本捧红的吧
4686743301259936	,0	,230,4687455524230636	,2021-10-01 11:45:48,0,,甜心格格高,1582326147,f,20000,16.6万,讨厌李子柒，应该给我们吃黑土猪肉、千岛湖大鱼头、佛跳墙、深海大虾、小河鲜！为嘛几十年如一日地和字节跳动合谋来卖倒人胃口的螺狮粉？还说一年产值5个亿！真黑心！而且美食博主李子柒接受记者采访，自摸自己光脚丫，是不是很不雅观且有不卫生、祸害人间的表现？？我也是欣欣向荣！
4686743301259936	,0	,165,4687210732062861	,2021-09-30 19:33:05,1,,佳砚,1056318674,f,886,1226,前些天发布的新华社专访里，她也说过MCN是后期跟进的，那个专访很值得一看。这个视频，调性全变了//@纱纱面:说的是，明明是人家个人先打了基础先红起来了资本跟进的，视频直接标题“被资本捧红又和资本闹掰”云云，可以说屁股不能更歪了//@亚瑟王ys:先红了才有的资本吧？
4686743301259936	,0	,81,4686882472198874	,2021-09-29 21:48:41,10,,da雨er非ya,1979051660,f,416,120,怎么可能赢得了资本！要么再找一个更强的资本！恨透了万恶的资本家！魑魅魍魉，操纵一切！带坏主流价值观！
4686743301259936	,0	,51,4686797898253359	,2021-09-29 16:12:37,6,,ruo天涯,5366262419,m,148,84,原来螺蛳粉突然爆是这么回事
4686743301259936	,0	,269,4687810717552154	,2021-10-02 11:17:13,4,,厦禾路股添乐,5066260790,m,4345,84.4万,一个走向世界的民族品牌，是向世界宣传中国文化的重要窗口，必须由国家级的正能量资本来把控。没有资本的运作，就没有辉煌的李子柒，但人性里面的每一点光辉，如果都被资本拿来变现，世界还有什么美好可言？愿她一切安好！也愿她早日走出资本的苟且，活出真正的自己～！
4686743301259936	,0	,254,4687538566991683	,2021-10-01 17:15:47,2,,斯辜Nancy,5893721763,f,705,188,难怪螺蛳粉都是从杭州发货
4686743301259936	,0	,164,4687205464017476	,2021-09-30 19:12:09,4,,l_____i_____l,6803970368,m,235,4,说到底还是资本家们对于自己一手遮天的能力，根深蒂固的蜜汁自信。不管怎样，我得到了你。你也能毁了你，毁了你我还能再造就一个你。  可是人家成就自己这一路，真的是因为你吗？
4686743301259936	,0	,17,4686762230417931	,2021-09-29 13:50:54,2,,熊且无文,2195337194,m,58,13,怎么说也算是个文化输出代表吧，要倒下了吗？哎……
4686743301259936	,0	,286,4688652473205012	,2021-10-04 19:02:02,1,,missleo,1680471195,f,423,474,一句话把人家当摇钱树，连哄带骗
4686743301259936	,0	,277,4687880256228133	,2021-10-02 15:53:32,2,,HEISE-SOPA,2289682571,f,1328,296,资本牢笼里，连个人自由都没有了。强如李子柒不过成为了资本的获利工具。
4686743301259936	,0	,252,4687534393395624	,2021-10-01 16:59:12,1,,莫生气莫极端要冷静要客观,6436062773,f,1283,12,真的不能太贪婪
4686743301259936	,0	,215,4687425198361716	,2021-10-01 09:45:18,3,,牟尼风,1647671832,f,4287,2484,柳州市政府直接请李子柒来合作！！城市代言人费用直接打给李子柒好了！！
4686743301259936	,0	,204,4687400146569904	,2021-10-01 08:05:45,1,,武侠天下NOB,2212203595,m,132,1.9万,只能说被资本下套的都没有好结果。其实李子柒自己默默地埋头苦干的那些年，就已经是个著名美食网红了，估计单干也能赚不少。资本的糖衣炮弹要警惕啊…
4686743301259936	,4686766466143704	,0,4686772385353111	,2021-09-29 14:31:15,0,,淡墨晨屿,2767544564,m,440,309,你是当全国人的眼瞎了，还是当四川省政府的人都眼瞎。而且这欺负原创输出者的范例闹大了。以后不可能任何长期合作的说法。就比如最近常听到，农民工坚决要日结工资，否则第二天就走。网红公司和包工头没有区别，自己败坏资源整合者的名声，只会让这个行业未来的路更难走。
4686743301259936	,4686766466143704	,0,4686818051886312	,2021-09-29 17:32:43,0,,不受控制的猪,5336832904,f,89,309,哈哈哈哈哈，有多少人是冲着李子柒去的，又有多少人冲着公司去的？没有她又有多少人知道微念？如果李不做视频了那这个品牌也就走到头了，我见过好几例这样的了，只不过有些没曝出来有些没闹大
4686743301259936	,0	,25,4686766466143704	,2021-09-29 14:07:44,3,,NameGuyCardTree,1741657401,m,68,309,微念没了李佳佳，可以再出一百个佳佳，李想要自己的权益时，也想想当年微念烧了多少钱，老实说，换一个网红上去，说是李子柒，一般人也认不出
4686743301259936	,0	,285,4688652192450074	,2021-10-04 19:00:56,0,,missleo,1680471195,f,423,474,只买了李子柒螺蛳粉口味一般，以后也不会买了，更别说其它东西
4686743301259936	,0	,273,4687821674122920	,2021-10-02 12:00:45,0,,势锋,3723456245,m,2522,333,可以交叉持股
4686743301259936	,0	,253,4687534947569639	,2021-10-01 17:01:24,0,,莫生气莫极端要冷静要客观,6436062773,f,1283,12,感觉应该做大做强的国产，结果这样子哎，不过也就买过藕粉而已，真的好吃也是原价买真的不便宜。
4686743301259936	,0	,244,4687489317470715	,2021-10-01 14:00:04,2,,勤深易浓,1736653232,m,356,917,你以为自己粉的是文化理念（子柒），其实不过是zb助推下打造出来的韭菜收割机（棋子）
4686743301259936	,0	,228,4687446916990864	,2021-10-01 11:11:36,0,,林彬斌宾冰兵,2106097761,m,211,302,观视频越来越片面了
4686743301259936	,0	,207,4687409838821179	,2021-10-01 08:44:16,0,,港仁0225,7010831831,f,62,122,希望李子柒打败资本
4686743301259936	,0	,151,4687154963287832	,2021-09-30 15:51:29,0,,laowanginsh,2206621267,m,1211,477,一，如果主角不再出场，或者出场但是喊冤，资本想靠这个品牌还能走很远吗？二，主角各方面经验更强，重起炉灶也不是不可以考虑一一如果必须就此一拍两散的话。
4686743301259936	,0	,126,4687086009712657	,2021-09-30 11:17:28,0,,天行993956102,5621858755,m,1313,204,转发微博
4686743301259936	,0	,125,4687085548080807	,2021-09-30 11:15:39,0,,花花阿芽,1765934830,f,270,56,螺蛳粉太咸，一般
4686743301259936	,0	,122,4687078706906188	,2021-09-30 10:48:27,1,,智慧派,1880308420,f,79,71,没有她，从此不会再买任何＂李子柒”产品
4686743301259936	,0	,117,4687071459935233	,2021-09-30 10:19:39,1,,橙子xixixi,2866864982,f,222,83,她是被时代和粉丝捧红的，资本是利用她赚钱来的
4686743301259936	,0	,114,4687068511601508	,2021-09-30 10:07:56,0,,看见世面,2204540760,m,863,988,转发微博
4686743301259936	,0	,110,4687064467508219	,2021-09-30 09:51:53,0,,aaaaaii_,2062282151,f,544,398,转发微博
4686743301259936	,0	,108,4687061954859230	,2021-09-30 09:41:54,0,,蔷薇花开好了,2577833843,f,133,363,
4686743301259936	,0	,99,4687023477097233	,2021-09-30 07:09:00,0,,努力的向日葵,1832312765,f,159,54,因为喜欢吃，那会的新年我囤了好多螺蛳粉，正好遇上疫情
4686743301259936	,0	,96,4686948017111425	,2021-09-30 02:09:09,0,,善入秋声笑,6122511492,m,1808,56,转发微博
4686743301259936	,0	,86,4686891977280449	,2021-09-29 22:26:28,0,,kindsOF,1410568810,m,46,401,涨知识，可以轮不到我头上。
4686743301259936	,0	,65,4686827682008153	,2021-09-29 18:10:59,0,,南蛮小会计,1990676284,m,285,768,子柒姐姐还是读书少，挨别人套路了。
4686743301259936	,0	,48,4686796552144281	,2021-09-29 16:07:16,1,,空谷幽兰1959,1104336561,f,119,99,喜欢李子柒的视频，从未关注过所谓的李子柒产品。
4686743301259936	,0	,42,4686788054747208	,2021-09-29 15:33:31,0,,Mary好好加油,1730440517,f,958,81,转发微博
4686743301259936	,0	,40,4686787513159013	,2021-09-29 15:31:22,0,,六小熊猫,1873149855,f,673,111,@橘毛猫咕哒子
4686743301259936	,0	,32,4686771034262803	,2021-09-29 14:25:53,1,,猪卖肉抢毛啊,2530818034,f,1093,411,有美剧硅谷的味道了
4686743301259936	,0	,26,4686766630769718	,2021-09-29 14:08:23,0,,E隐士,1017000691,m,760,1347,不像话，本来是给李姑娘提夜壶的，道高一尺、魔高一丈
4686743301259936	,0	,304,4692260867016787	,2021-10-14 18:00:31,1,,世界不曾宁静,1605098377,f,1042,542,资本就是吸血鬼
4686743301259936	,0	,264,4687588742924677	,2021-10-01 20:35:10,1,,冷冰-78,2536836327,m,1245,121,资本就没有不贪婪的
4686743301259936	,0	,263,4687588495986456	,2021-10-01 20:34:11,1,,冷冰-78,2536836327,m,1245,121,想知道资本主义的资本和社会主义的资本有什么区别
4686743301259936	,0	,193,4687351538254091	,2021-10-01 04:52:36,1,,成毅的傅蘭蘭,7331738172,f,3700,1.3万,成了一个打工人
4686743301259936	,0	,192,4687350951837895	,2021-10-01 04:50:16,1,,成毅的傅蘭蘭,7331738172,f,3700,1.3万,好大的陷阱…
4686743301259936	,4687139612658398	,0,4696182255781497	,2021-10-25 13:42:43,0,,ccl1230,5802081007,f,5,4,北京更恶臭！
4686743301259936	,4687139612658398	,0,4696252672902645	,2021-10-25 18:22:31,0,,U思维二象限U,7547201440,f,222,4,回复@ccl1230:北京没大有印象了，除了他们说话语调蛮夸张的
4686743301259936	,0	,144,4687139612658398	,2021-09-30 14:50:29,2,,U思维二象限U,7547201440,f,222,4,以前对杭州还蛮有好印象的，现在看许多在那边的，亲戚也好朋友也好其他认识的人也罢。总之那个地方待久了，心就变了不是地域黑什么的，无非是受当地各类思潮和价值观影响，一方水土造就一方人。相似的情况，曾经只有上海或者是深圳，现在又加了个杭州
4686743301259936	,4686844895432332	,0,4687050014724624	,2021-09-30 08:54:27,0,,曜曜要吃糖,6035437253,f,513,335,我一个从16年，李子柒从自己一个人摆弄支架拍摄视频开始看的，最开始看她视频就觉得能火，李子柒品牌旗舰店是她火了后才有的，说李子柒靠资本捧红真搞笑，人家自己拍视频放外网都有很多钱挣好吧，明明是她红了后资本介入的，并让她更红的，还有没有资本她也根本不会湮灭网络，干的事意义都不一样
4686743301259936	,4686844895432332	,0,4687171585575750	,2021-09-30 16:57:32,0,,-秋阳妹妹,2102386293,f,490,335,她很早就靠自己火了，那时候就是她一个人，我很早就关注她，她还专门写过一篇文讲她如何一个人拍视频学剪辑，并不是资本推她她才火的
4686743301259936	,0	,70,4686844895432332	,2021-09-29 19:19:23,8,,球球要游泳,1954150735,f,134,335,可是没有资本她也早淹没于网络，不会有后来的越来越红，以及一系列的相关产品出炉。总之凭她一个人或单单一个制作视频的团队，李子柒的品牌效应会赚那么多钱吗？
4686743301259936	,0	,288,4688949446183475	,2021-10-05 14:42:07,0,,红红火火丷,3989156643,m,70,140,难怪人家喜欢申遗你的东西，真心做作品传播中国文化的人都被自己人套路
4686743301259936	,0	,283,4688499871320853	,2021-10-04 08:55:40,0,,像波洛一样思考,6028238119,m,1431,268,资本捧红？呵呵，
4686743301259936	,0	,257,4687542231761823	,2021-10-01 17:30:20,0,,一腔年少·记忆包裹,1412591365,f,1034,1478,资本捧红可还行……外网出圈也是资本帮的么……脸真大
4686743301259936	,0	,243,4687489052180504	,2021-10-01 13:59:01,0,,我的猫抓板,1247861617,f,161,90,闹掰了就是双输，坐下重新分配股权和品牌持有人才能继续盈利
4686743301259936	,0	,238,4687471989754220	,2021-10-01 12:51:14,0,,流量岁月,1704984243,m,342,771,我始终认为是环境创造并改变周围的人，只有极少数的人才能创造环境，并且随着时间变化适应环境……
4686743301259936	,0	,222,4687439967293722	,2021-10-01 10:43:59,0,,晚安梦意,2687338843,m,613,954,终究到底还是金钱，利益关系没有处理好
4686743301259936	,0	,221,4687437429478064	,2021-10-01 10:33:54,0,,兰草木樨,2622690792,f,579,127,啊亲，原来发生了这个事
4686743301259936	,0	,211,4687422400761263	,2021-10-01 09:34:11,0,,芳踪,1235757853,f,736,1365,转发微博
4686743301259936	,0	,196,4687376154625056	,2021-10-01 06:30:25,0,,IlexlatifoliaThunb,2820823553,f,256,455,客观的说 得有更厉害的资本战胜原来的资本 她才能战胜原来的资本 没有经济支出的红本身就是不存在的 或者说是短暂的 因为经济也是实力的一部分
4686743301259936	,0	,195,4687352888819805	,2021-10-01 04:57:58,0,,成毅的傅蘭蘭,7331738172,f,3700,1.3万,老师说清楚一些股权分配的事项
4686743301259936	,0	,194,4687352204886160	,2021-10-01 04:55:15,0,,成毅的傅蘭蘭,7331738172,f,3700,1.3万,为什么这个不列啊 太可惜了
4686743301259936	,0	,170,4687237482285051	,2021-09-30 21:19:22,0,,灵州司空,5652638763,m,4519,37.1万,
4686743301259936	,0	,143,4687137507119246	,2021-09-30 14:42:07,0,,酸甜柠檬梅子酱,1905616140,f,550,851,柒柒的视频在哪里，我就在哪里
4686743301259936	,0	,102,4687031706323298	,2021-09-30 07:41:42,3,,丑八丑八星啊,2775157901,f,279,189,吃了不懂法的亏了
4686743301259936	,0	,78,4686871487584440	,2021-09-29 21:05:03,3,,_情清-梦,1774589261,f,455,355,支持子柒
4686743301259936	,0	,258,4687545373820140	,2021-10-01 17:42:50,2,,站着聊数码,1750121287,m,206,151,她没签约之前就已经粉丝近千万了
4686743301259936	,0	,236,4687465007288500	,2021-10-01 12:23:29,2,,绵绵______________,1847596195,f,508,421,我呸你的标题，没脑子
4686743301259936	,0	,219,4687435662890190	,2021-10-01 10:26:53,2,,大盘等等我,6234465402,m,864,1005,李佳佳直接去派出所改名李子柒应该合法吧？然后自己注册一个李子柒微博号，在新的微博号里更新，粉丝自然就过去了，然后在柳州找一个好一点的代工厂，直接在微店里卖产品？
4686743301259936	,4687077427904803	,0,4687115390812696	,2021-09-30 13:14:13,0,,小橘灯2012333,7031156144,f,101,329,平台都是免费发布视频，她这么优质的内容创作者哪个平台不抢，呵呵，那个公司可能不该叫资本应该叫变现公司，还不给别人分钱那种
4686743301259936	,0	,120,4687077427904803	,2021-09-30 10:43:22,3,,爸爸说这个头像很阳光,1745513777,m,408,329,就算不是资本直接捧红的，也是借助资本提供的平台啊，网红跟资本本来就是分不开的，强行割席也有点太🍵了
4686743301259936	,0	,95,4686946540191870	,2021-09-30 02:03:16,2,,WANGKAYUNHU,1746133665,f,65,236,真狗哇
4686743301259936	,0	,267,4687734536929546	,2021-10-02 06:14:30,1,,叶知秋528,5396374295,f,99,58,杭州，骗子真多。以后遇到，要绕路而行。5年前的杭州龙炎，还有2019年，浙江风光卫视投资《移情大师》，被骗的血本无归
4686743301259936	,0	,242,4687488126554386	,2021-10-01 13:55:21,1,,夏天e鱼,2323922805,f,106,65,李子柒一定要赢呀
4686743301259936	,0	,240,4687476092047571	,2021-10-01 13:07:32,1,,5757Tina,2875194782,f,102,569,她赢过资本自己也就变成资本啦！这种博弈只能说他们生在新时代，有更多手段来制造舆论，反观，群众永远是群众，随着舆论左右偏向，真相如何，当事人都不清楚，吃瓜群众还妄想知道吗？
4686743301259936	,0	,205,4687401911847745	,2021-10-01 08:12:46,1,,良药不加糖·,5315703763,m,199,124,一个社会主义国家 居然在讨论百姓能否战胜资本
4686743301259936	,0	,200,4687394680866779	,2021-10-01 07:44:02,1,,大不了再充个会员改昵称,6456739994,m,141,41,这次是资本吃相极其难看
4686743301259936	,0	,188,4687295481382391	,2021-10-01 01:09:51,1,,有糖陪着我啊,5696806047,f,286,17,李子柒有能力🈶️想法，跟谁合作不是合作，离了这个资本家，拉个别的赞助也可以吧，也不是非它不可。
4686743301259936	,0	,180,4687260244774658	,2021-09-30 22:49:50,1,,交换余生skei,5488006957,m,518,659,早该料到了，好多明星有点钱后不都自己开工作室。
4686743301259936	,0	,149,4687151062848898	,2021-09-30 15:35:59,1,,万物所归abc,1654475962,f,186,168,资本这么牛去捧其他人试试看
4686743301259936	,0	,147,4687142402393085	,2021-09-30 15:01:34,1,,云游心踪123,1920011670,f,117,122,视频的核心肯定是她，但是没有资本的推进最多就和滇西小哥、2⃣️米炊烟差不多吧
4686743301259936	,0	,93,4686934809510834	,2021-09-30 01:16:40,1,,小明唐镜,6389203504,m,339,32,被资本捧红啥啊，人家自己牛逼
4686743301259936	,0	,320,4699090594041248	,2021-11-02 14:19:25,0,,讲故事的七仔兔,3315214241,m,125,151,这件事代入感太强了，就像我同学熬一个月辛辛苦苦写的方案，第二天轻而易举的被上司掳走了也得亏李子柒强大，能正面刚
4686743301259936	,0	,308,4692939181130112	,2021-10-16 14:55:53,0,,moats2015,5856589800,m,1058,345,扯什么淡？“被资本捧红？”没有资本李子柒早晚红，没有李子柒资本狗屎都不是……
4686743301259936	,0	,305,4692565515831212	,2021-10-15 14:11:05,0,,Daisydil,2662123351,f,320,91,没有资本可能他也红不起来 相互成就
4686743301259936	,0	,301,4691177892218899	,2021-10-11 18:17:09,0,,珊贼王爷,1222702842,f,449,358,//@厦禾路股添乐: 一个走向世界的民族品牌，是向世界宣传中国文化的重要窗口，必须由国家级的正能量资本来把控。没有资本的运作，就没有辉煌的李子柒，但人性里面的每一点光辉，如果都被资本拿来变现，世界还有什么美好可言？愿她一切安好！也愿她早日走出资本的苟且，活出真正的自己～！
4686743301259936	,0	,298,4690168176707476	,2021-10-08 23:24:55,0,,爱吃烤鱼猫,5577921560,f,214,60,呵呵
4686743301259936	,0	,297,4689640088405186	,2021-10-07 12:26:29,0,,无重复吐槽,3977090535,m,204,41,收了多少钱？哪里可以干这个活，我也想，推荐一下呗
4686743301259936	,0	,296,4689468382775193	,2021-10-07 01:04:11,0,,黄燕婷Yan,3123696681,f,53,58,资本真是好手段心疼子柒，一路关注她（从15年开始关注的），从小有人气到后来爆火，真的不容易啊！
4686743301259936	,0	,293,4689237801437907	,2021-10-06 09:47:56,0,,Sherogril,1233001780,f,163,469,人心不足蛇吞象，资本果然好手段
4686743301259936	,0	,292,4689234163664164	,2021-10-06 09:33:29,0,,Sherogril,1233001780,f,163,469,没有永远的朋友，只有永远的利益
4686743301259936	,0	,289,4689051859551975	,2021-10-05 21:29:04,0,,小小峯子,1678592343,m,1767,683,谁跟你说的是资本捧红的他  如果资本这么厉害 在打造一个张三李四吧 放过李子柒吧   好好的一个品牌 让这些网红经纪公司 搞臭了！哎 ~~~~
4686743301259936	,0	,284,4688503232007654	,2021-10-04 09:09:01,0,,羽艸,1954779814,m,645,755,李子柒这个品牌能成功不就是完全取决于“李子柒”这个人么？是她的短视频积攒了流量才打造出“子柒”王国的。现在和微念闹掰了，那她可以用“李佳佳”的名字重新录视频，凭她的粉丝影响力，只要出一个视频，澄清自己和微念的纠葛，重新树立一个品牌应该不难，粉丝也会马上转头阵营并且攻击微念的
4686743301259936	,0	,279,4688221508994109	,2021-10-03 14:29:33,0,,羽轩顺水蔓,3100996227,f,79,671,不是一直说自己没有团队吗
4686743301259936	,0	,278,4687961587712144	,2021-10-02 21:16:42,0,,谧蝶飞舞,6258751579,f,35,5,李子柒自己干红了后 资本看到有利可图 才进来投资李子柒的 被资本的设置的框架控制 资本离开李子柒有损失 李子柒离开资本还可以从头再来 毕竟李子柒本人是关键
4686743301259936	,0	,274,4687828485672831	,2021-10-02 12:27:49,0,,Sunnyduo0101,7187022812,m,164,10,资本太贪了 也告诉我们学好法学的重要性
4686743301259936	,0	,272,4687815063112124	,2021-10-02 11:34:29,0,,大魔王梅林开心,2355752174,m,1509,291,现在资本家脸皮真的都好厚哦
4686743301259936	,0	,271,4687814916051201	,2021-10-02 11:33:54,0,,大魔王梅林开心,2355752174,m,1509,291,刘同明还要脸不，杭州微脸有脸不
4686743301259936	,0	,268,4687748696377130	,2021-10-02 07:10:46,0,,海阔天空78973,7483954568,m,95,6,被资本捧红？你确定？
4686743301259936	,0	,266,4687660655052675	,2021-10-02 01:20:55,0,,大魔王梅林开心,2355752174,m,1509,291,好人一生平安
4686743301259936	,0	,265,4687608905468289	,2021-10-01 21:55:17,0,,Charizard_VMAX,2652110770,m,396,185,假如杭州微念IPO，则是否应合并四川子柒？会计上讲，李佳佳是四川子柒盈利能力的决定者，能更多影响四川子柒的经营活动和业绩，则杭州微念就不应合并四川子柒，李佳佳本人应将其作为VIE纳入其合并报表范围正如申迪是由持股仅46%的美国迪士尼总部来合并...但这只是会计，法律可不这么讲故事
4686743301259936	,0	,262,4687558509855590	,2021-10-01 18:35:01,0,,桑榆xxxyy,7415300882,f,5830,25,姐姐可以的
4686743301259936	,0	,259,4687546561071390	,2021-10-01 17:47:33,0,,幸福簡介,1661347922,f,278,1507,资本你来捧捧我
4686743301259936	,0	,256,4687541984823517	,2021-10-01 17:29:22,0,,飘动精灵,1420536184,m,228,272,转发微博
4686743301259936	,0	,255,4687540361627562	,2021-10-01 17:22:55,0,,卡灵顿之踵,5957791811,m,233,104,无商不奸
4686743301259936	,0	,251,4687529767341129	,2021-10-01 16:40:49,0,,aizengybb,3178071894,m,499,214,这个世界永远资本说了算
4686743301259936	,0	,250,4687516717810919	,2021-10-01 15:48:58,0,,dchysj,2164226287,f,5269,578,这件事谈拢了是互相成就的事情，谈不拢就是两败俱伤了
4686743301259936	,0	,249,4687516412678527	,2021-10-01 15:47:45,0,,dchysj,2164226287,f,5269,578,如果她和资本谈不拢，这是一个双败的事情，她的事儿也给了很多人教训，多学法多懂法，不至于利益受损的时候进退两难
4686743301259936	,0	,248,4687513429477278	,2021-10-01 15:35:54,0,,果果儿love,2667299103,f,623,52,我认为资本占了很大的因素，看过早期视频很模糊，后来制作就精良了，就吸引大家去看了
4686743301259936	,0	,239,4687475835928862	,2021-10-01 13:06:30,0,,网络上我重拳出击11,7535734493,m,61,0,分析的很透彻，赞一个
4686743301259936	,0	,235,4687461622486297	,2021-10-01 12:10:02,0,,T·ai,3896632554,m,463,94,@吉六 可以看看
4686743301259936	,0	,225,4687445989789226	,2021-10-01 11:07:55,0,,屁股蛋上纹苍蝇,6678013072,m,368,27,她只是资本的产物罢了。
4686743301259936	,0	,224,4687440717810608	,2021-10-01 10:46:58,0,,人参和醋为何不相逢,2155171500,f,270,262,李子柒被资本捧红？？？？
4686743301259936	,0	,220,4687436544477938	,2021-10-01 10:30:23,0,,HeySamany,2679919863,f,996,185,那个柳州螺蛳粉建厂真的没必要啊
4686743301259936	,0	,212,4687423554718766	,2021-10-01 09:38:46,0,,盖因不是盖,5197822078,m,34,11,你太把资本当回事了，资本真正捧红了哪个？
4686743301259936	,0	,210,4687420978892689	,2021-10-01 09:28:32,0,,Li_M_Lee,2854938414,f,484,6,我不懂现在都在说是资本捧的李子柒的观点是如何得出来的，明明我关注她知道她的时候，这个资本都不知道还在哪个角落里呢！大家都是因为李子柒而喜欢李子柒，而不是所谓资本捧出来的李子柒！她原本就没有团队，她原本就是一个人完成所有！脱离了资本又如何？她还是李子柒！
4686743301259936	,0	,208,4687417992807151	,2021-10-01 09:16:39,0,,晓园1999,7543678093,m,64,0,李子柒在资本包装前是国风文化，被资本操控后只是个工具。跟文化无关。小时候，政治老师上课，常常引用名言：资本的积累是赤裸裸的，带血的。诚不我欺也
4686743301259936	,0	,206,4687406941077697	,2021-10-01 08:32:44,0,,丶无招丶,1046388953,m,125,64,肯定赢不了
4686743301259936	,0	,202,4687396009936966	,2021-10-01 07:49:19,0,,积跬手作,2626011941,f,377,241,被资本捧红？就说吧拿了资本多少洗地钱？
4686743301259936	,0	,199,4687389665001506	,2021-10-01 07:24:05,0,,欣欣念G,3620361743,f,87,131,又是杭州
4686743301259936	,0	,190,4687300582179559	,2021-10-01 01:30:06,0,,冰快2197,6515045280,m,1005,27,太坏了
4686743301259936	,0	,187,4687285083180460	,2021-10-01 00:28:32,0,,天下-一人,3010172922,m,294,219,不要在这写这种新闻放弃了
4686743301259936	,0	,186,4687283977192748	,2021-10-01 00:24:07,0,,苏夏侯-,6012833504,f,221,1916,李子柒能出来单干吧
4686743301259936	,0	,183,4687275008463474	,2021-09-30 23:48:29,0,,Ann安心524,6281542267,f,77,10,希望李子柒能够夺回属于自己的权益🙏🙏🙏
4686743301259936	,0	,182,4687274653255721	,2021-09-30 23:47:05,0,,大脸猫管你爱不爱吃鱼,2815918583,f,523,138,#李子柒说时代给了我一阵风#
4686743301259936	,0	,179,4687259535671600	,2021-09-30 22:47:00,0,,花月正圆时,7521775958,m,32,7,支持李子柒
4686743301259936	,0	,178,4687257208097201	,2021-09-30 22:37:46,0,,灰月皎皎,6575647527,f,492,5,论懂法的重要性
4686743301259936	,0	,176,4687254477865092	,2021-09-30 22:26:54,0,,哟小青年儿,1794262240,m,692,212,没看过她的视频，但吃过她的螺蛳粉，真的难吃
4686743301259936	,0	,175,4687251637800748	,2021-09-30 22:15:38,0,,NIIII47,7236242933,f,62,0,小学的时候就关注她了，那时候拍得画质不高，什么都是她自己弄，包括剪辑固定相机等等，她红都是她一步一步走过来的。
4686743301259936	,0	,174,4687246999160011	,2021-09-30 21:57:12,0,,善良的小包子,1769089802,m,219,361,鱼死网破吧，谁在意杭州微念啊，李子柒再开个号我们同样支持，他杭州微念没了李子柒还算个啥？
4686743301259936	,0	,173,4687244901750894	,2021-09-30 21:48:52,0,,善良的小包子,1769089802,m,219,361,这一开始就没安什么好心啊
4686743301259936	,0	,172,4687240359315470	,2021-09-30 21:30:49,0,,蟹先生,1409781222,m,1238,1.5万,得之，我幸。不得，我命。如此而已。如果是李子柒的画风应该这么说才对嘛。心若在梦就在，只不过是从头再来。
4686743301259936	,4687239835289106	,0,4687252808270996	,2021-09-30 22:20:16,0,,爱吃兔儿脑壳的鱼摆摆,1681675087,f,391,115,绝
4686743301259936	,0	,171,4687239835289106	,2021-09-30 21:28:43,0,,黑胖璐,5635285101,f,72,115,@爱吃兔儿脑壳的鱼摆摆
4686743301259936	,0	,169,4687230024814192	,2021-09-30 20:49:45,0,,--Doreen__,5537645045,f,357,85,上次在Jane的课上也提到这个事，柒姐的内容营销是做得很好的，但是在企业运营方面确实不是非常懂，希望柒姐早日解决事情早日回归☹️
4686743301259936	,0	,168,4687222151844155	,2021-09-30 20:18:28,0,,高级项目负责人,5664274959,m,483,67,说得太啰嗦
4686743301259936	,0	,166,4687217005691830	,2021-09-30 19:58:00,1,,小绘子,2593924714,f,275,267,希望李子柒尽快解脱出来
4686743301259936	,0	,148,4687142427822282	,2021-09-30 15:01:40,0,,枫心随颖,6024068803,f,310,1110,她停更了？不会吧，好喜欢她的视频
4686743301259936	,0	,146,4687142355995928	,2021-09-30 15:01:23,0,,电话没人接,1842910340,m,45,49,我不懂，什么才叫资本
4686743301259936	,0	,145,4687140455974898	,2021-09-30 14:53:50,0,,小甜菜酱,2490742703,f,149,211,明明是人家自己红起来的
4686743301259936	,0	,139,4687123884805566	,2021-09-30 13:47:59,1,,载雨行春,5663360592,f,273,160,做牵扯到钱的决定前找一个律师咨询是多么的重要，像微念这种公司都是法务把相关法律法规吃透了再回头钻法律空子坑李子柒这种不怎么懂法律的人
4686743301259936	,0	,138,4687120964518033	,2021-09-30 13:36:22,0,,rabbit的近邻,2512893777,f,258,167,1
4686743301259936	,0	,137,4687117340639501	,2021-09-30 13:21:58,0,,英雄和狗熊133,2332251081,m,312,130,资本不可能不贪婪
4686743301259936	,0	,136,4687111292717210	,2021-09-30 12:57:56,0,,安康顺遂Emm得偿所愿,2548930901,f,55,76,真啰嗦
4686743301259936	,0	,134,4687105668418459	,2021-09-30 12:35:36,0,,可爱佳sunny,5930884194,f,157,157,人家不提供内容了，这个IP就死了
4686743301259936	,0	,133,4687105454771005	,2021-09-30 12:34:45,0,,莫小墨的世界,6074256799,f,227,123,所以被神话的她，真的能代表中国吗？像她这样的多得很，我身边就有，只是没有参与互联网，不被人发现，我可以说对她无感吗？不接受任何反驳！
4686743301259936	,0	,129,4687095954934685	,2021-09-30 11:57:00,0,,爱露露艾露露,2145043717,f,412,187,长藤资本？
4686743301259936	,0	,127,4687089881580387	,2021-09-30 11:32:51,0,,小狗好懒,5978907411,f,6,0,资本资本资本 这他妈是社会主义国家
4686743301259936	,0	,124,4687085410193147	,2021-09-30 11:15:06,0,,定慧寺车神,5345493444,m,493,34,转发微博
4686743301259936	,0	,121,4687078237409423	,2021-09-30 10:46:36,0,,极乐世界有我,5170640113,f,555,84,合作前为什么不找专业律师？
4686743301259936	,0	,119,4687073984907520	,2021-09-30 10:29:42,0,,专属昵称,3190204872,m,240,621,
4686743301259936	,0	,115,4687069160673347	,2021-09-30 10:10:32,0,,蕙芳,1762835063,f,625,596,转发微博
4686743301259936	,0	,111,4687066531368481	,2021-09-30 10:00:05,0,,想在云中游,7387200572,f,61,0,笑死 她最开始是被资本捧红的吗 是谁在扭曲是非 我不说
4686743301259936	,0	,107,4687061544865917	,2021-09-30 09:40:16,0,,第贰颗扣子,2284847067,m,254,162,资本输过吗？
4686743301259936	,0	,98,4687019810751341	,2021-09-30 06:54:26,0,,小Q916,2188375645,m,527,75,长藤资本吗
4686743301259936	,0	,92,4686934775171456	,2021-09-30 01:16:32,0,,鹅肝酱片sss,2648890033,f,269,1242,网红也是资本
4686743301259936	,0	,83,4686883240810450	,2021-09-29 21:51:45,0,,JennysPEI,1767969430,f,427,734,@JennysPEI：很久没看到这么简单明了的视频了。 太喜欢你的讲解了。 复杂的内容简单化而不是打太极
4686743301259936	,0	,76,4686863929448411	,2021-09-29 20:35:01,0,,因诗美云朵,7071336063,f,247,22,说得好
4686743301259936	,0	,75,4686861290965514	,2021-09-29 20:24:32,0,,因诗美云朵,7071336063,f,247,22,子柒好惨
4686743301259936	,0	,67,4686837878360681	,2021-09-29 18:51:30,0,,花纸伞下,1139044713,f,187,335,你釆访了当事人吗
4686743301259936	,0	,54,4686804534428512	,2021-09-29 16:39:00,0,,善水循环,2343824060,m,75,204,资本家是很可恶的！
4686743301259936	,0	,52,4686798167478175	,2021-09-29 16:13:42,0,,奇葩网友的昵称可真多呀,5980500825,f,842,48,有哪个资本会不贪婪？
4686743301259936	,0	,44,4686793540109135	,2021-09-29 15:55:18,0,,飘动精灵,1420536184,m,228,272,转发微博
4686743301259936	,0	,73,4686854727667423	,2021-09-29 19:58:27,5,,METALplan,1863395182,m,280,676,欺负人小姑娘没经验，这帮老逼灯儿吃相太特么难看了
4686743301259936	,0	,218,4687435194175468	,2021-10-01 10:25:01,0,,冰莲0,1807344573,m,353,53,另起炉灶，人就是核心
4686743301259936	,0	,216,4687431464386738	,2021-10-01 10:10:11,0,,俗世难凉我心,3711374393,m,60,166,资本真是恶臭，把简单的热爱和喜欢变得臭气熏天，李子柒不是个案
4686743301259936	,0	,53,4686804350143436	,2021-09-29 16:38:16,1,,这可乐上头,7095221377,m,440,208,你自己很早就火了，她火了才，引来了这个资本…至于说所有的推广，买粉吗？怎么不推广自己老婆去？能火吗？
4686743301259936	,0	,34,4686785852212880	,2021-09-29 15:24:46,0,,冰冷的紫水晶,2420083054,f,478,121,别解读了人家已经出来澄清了
4686743301259936	,0	,22,4686764348541995	,2021-09-29 13:59:19,0,,CarCar_li,1165093752,m,1669,58,一地鸡毛
4686743301259936	,0	,84,4686885929353648	,2021-09-29 22:02:25,2,,D铜豌豆,3592412997,m,105,45,刘—同—明，贪—婪万—恶的资本家。
4686743301259936	,0	,282,4688284242673734	,2021-10-03 18:38:49,0,,源源是个小漂亮,7650635694,f,41,0,太狠了，以后不会买杭州微念相关商品了，好气啊，相当于把她当提款机了。
4686743301259936	,0	,281,4688283377861598	,2021-10-03 18:35:24,0,,源源是个小漂亮,7650635694,f,41,0,李子柒的人生真的坎坷，这个坚强的女孩让人好心疼，哎
4686743301259936	,0	,280,4688282594574823	,2021-10-03 18:32:16,0,,源源是个小漂亮,7650635694,f,41,0,公司真的好利益，好狠心，用完就丢！
4686743301259936	,0	,275,4687830503131602	,2021-10-02 12:35:50,0,,YDPB12,6820858506,m,7,18,资本，网红，你们不也一样吗？
4686743301259936	,0	,261,4687552499421466	,2021-10-01 18:11:09,0,,王王小白菜,7542480869,f,22,2,举报，人家自己红的关资本什么事
4686743301259936	,0	,245,4687502995359782	,2021-10-01 14:54:26,0,,神早流流,7488454489,m,0,0,转发微博
4686743301259936	,0	,198,4687386711426945	,2021-10-01 07:12:22,1,,宝青坊主·昕辰,3009425863,f,22,14.8万,资本和李子柒不可分割，李子柒没有资本就做不到如此之火，毕竟资本负责运营和推广，着实烧钱；资本没有李子柒也做不到持续增值，毕竟依托的是李子柒文化输出。他们是利益共同体，别说谁更重要，都重要。然，资本可以没有李子柒，打造下一个传统文化IP，李子柒却不能没有资本，啥都得花钱的。
4686743301259936	,0	,181,4687268181445608	,2021-09-30 23:21:22,0,,蒲公英_2429,6328707872,f,222,13,说白了李子柒只懂做菜，不懂这些弯弯绕绕，受点教训，以后就好了。
4686743301259936	,0	,158,4687176497891600	,2021-09-30 17:17:03,0,,最爱TY娘娘,1155087361,f,439,15,说得太对：资本方也不要太贪婪
4686743301259936	,0	,157,4687175603980760	,2021-09-30 17:13:29,0,,最爱TY娘娘,1155087361,f,439,15,专业
4686743301259936	,0	,55,4686805078904089	,2021-09-29 16:41:10,0,,andyjie410,1248738993,m,331,168,说的比较透彻
4686743301259936	,0	,322,4699570355045252	,2021-11-03 22:05:48,0,,江南蕾,2392955094,f,260,128,@温柔的刺猬1110
4686743301259936	,0	,302,4691210948315446	,2021-10-11 20:28:31,0,,Danna_naa,6875447514,f,267,21,@希余Xy
4686743301259936	,0	,300,4690729147826613	,2021-10-10 12:34:00,0,,路强--万路华强,5628952284,m,372,43,如果李子柒退出了，我连看都不会看这个品牌一眼的，我相信有很多像我一样的吧
4686743301259936	,0	,299,4690568003453455	,2021-10-10 01:53:41,0,,Cilin_YG,5483010550,f,314,83,刘同明有眼光是真的，但是他并没想留住子柒。
4686743301259936	,0	,260,4687550826679558	,2021-10-01 18:04:30,0,,家有两个混世大魔王,6176049812,f,47,17,关键是现在问题闹大了，全世界都在等结果，一旦李子柒离开，资本瞒都瞒不住，到时候就知道她的影响力有多大了。反正我不会再买李子柒的牌子啦。恶臭的资本，真是除了人皮一无是处。古代不允许商人参加科举太明智了，看穿了他们的本质。
4686743301259936	,0	,246,4687503632367862	,2021-10-01 14:56:57,0,,哇叽哒,7306634378,f,44,2,没有被捧红，在很久已经被很多人知道了，已经红了。
4686743301259936	,0	,237,4687468584501941	,2021-10-01 12:37:41,1,,沙雕小肥宅,6226160638,f,252,1072,什么资本捧红，我看她视频很多年，一开始都是她一个人，是红了以后资本找上她的好吗？
4686743301259936	,0	,232,4687460347153567	,2021-10-01 12:04:58,0,,Sunny_________day,3848790627,m,84,107,@Bp05230 @菜菜山川 没教养的东西，骂完人就拉黑，傻狗
4686743301259936	,0	,229,4687453937998564	,2021-10-01 11:39:30,0,,話不哆先森爱唱歌,5044895688,m,236,529,@小怪兽破茧成蝶
4686743301259936	,0	,223,4687440084733193	,2021-10-01 10:44:27,0,,summeR_Rain5376,5973790239,m,163,53,说白了就是只给了个广告费！
4686743301259936	,0	,201,4687394786508871	,2021-10-01 07:44:26,0,,空尼汽蛙,2636080381,m,631,440,回复@Jian杭星:你还真看不起资本哈哈哈哈哈哈哈哈
4686743301259936	,0	,189,4687295594105913	,2021-10-01 01:10:18,0,,风儿牵着花香的手手,6966856787,f,102,198,真滑稽。她什么都会，哪用资本来搞呢？她现在一个人不可以自己搞吗？不是说所有一切都是她自己“亲自”搞的吗？摄像机她都能自己做出来。继续拍不就好了吗？
4686743301259936	,0	,185,4687283518966971	,2021-10-01 00:22:19,0,,泉州蟳埔人,2396684287,m,1526,4.8万,
4686743301259936	,0	,177,4687255409268581	,2021-09-30 22:30:37,1,,SPAORT水疗运动,6353303897,f,305,124,颠倒黑白，你们这个标题太无耻了
4686743301259936	,4687183443397654	,0,4687215638351598	,2021-09-30 19:52:35,0,,YooHann-,5184142568,m,482,155,办他！
4686743301259936	,0	,159,4687183443397654	,2021-09-30 17:44:39,0,,深海喵酱,5332381968,f,383,155,@YooHann- 资本真的太无耻了
4686743301259936	,0	,153,4687161402068585	,2021-09-30 16:17:04,0,,洋洋洋洋被占用,5832640985,m,5081,449,输赢都比我等过得好
4686743301259936	,0	,150,4687153395665836	,2021-09-30 15:45:15,0,,怡思小筑,5511377053,f,323,166,@米-召 看看
4686743301259936	,0	,141,4687133488713266	,2021-09-30 14:26:09,0,,裙子瘦了,7518958442,f,95,5,李子柒商标在2016年8.29日由四川子柒文化传播有限公司注册成功。2018和2019年又陆续注册了四个。而杭州微念在20年7月2日申请注册李子柒品牌，21年三月被驳回申请失败。也微念在人家申请四年后才去申请且商标局拒绝了。值得一提的是螺蛳粉等各种产品用的微念的申请时候的字体。微念等于不合法使用
4686743301259936	,0	,135,4687107505784112	,2021-09-30 12:42:53,2,,2013的离别,5752669979,f,338,26,李子柒不是被资本捧红的
4686743301259936	,0	,128,4687092477068352	,2021-09-30 11:43:10,0,,动物世界11S,2619785003,m,2904,638,@瑾飒11
4686743301259936	,0	,123,4687083451189320	,2021-09-30 11:07:19,0,,lishuifhf,1082411164,f,74,102,转发微博
4686743301259936	,0	,100,4687027699712947	,2021-09-30 07:25:47,1,,流水逐行云,6541708146,f,550,47,既然纠纷基于利益分配，借助的又是法律框架，那么一切都可以谈。毕竟李子柒的自身价值才是品牌运营基础，希望李子柒和资本能够双赢。不要让这样一个在文化输出上如此成功又如此有影响力的品牌，因为开始的一个误差而毁于一旦。希望能博弈出最好结果!#李子柒说时代给了我一阵风# #李子柒能赢过资本吗#
4686743301259936	,4686927457159807	,0,4687115822305164	,2021-09-30 13:15:57,0,,小橘灯2012333,7031156144,f,101,117,商家靠平台，你去看看人家那些牛逼的品牌，没有反垄断之前，平台还不是去抢
4686743301259936	,0	,90,4686927457159807	,2021-09-30 00:47:27,0,,霸气我的生存之道,5322294822,f,1005,117,问问拼多多的商家美团的商家还有淘宝的商家，有没有赢过资本的 资本各种作妖你有啥办法，无非就是找政府告状，就跟以前斗地主一样 但是地主未必怕官司，要不然咋能一直那么牛
4686743301259936	,0	,87,4686902593065094	,2021-09-29 23:08:39,0,,不减到130不改名字jack,2944171201,m,1228,448,@葉葉葉葉小琪
4686743301259936	,0	,79,4686876227928878	,2021-09-29 21:23:52,3,,邓子周Jo,1917066103,f,720,444,我只认人谢谢
4686743301259936	,4686870204124905	,0,4687045409114075	,2021-09-30 08:36:09,0,,Lotus-mint,1861702540,f,136,95,李子柒已经四川青联成员，中国传统文化代言人，是四川的招牌了。
4686743301259936	,0	,77,4686870204124905	,2021-09-29 20:59:57,2,,重剑无锋兮,1401566137,m,289,95,李子柒重新打造新品牌呗，吃一堑长一智，有实力就不缺资本。
4686743301259936	,0	,61,4686820983439850	,2021-09-29 17:44:21,3,,Mingel,1951588573,m,320,906,资本家要好好考虑下人民的意愿，与人民为敌好不了@杭州微念
4686743301259936	,0	,59,4686810737544059	,2021-09-29 17:03:39,0,,我本将心向青天,6293593803,f,121,1119,与其被潜规则或是被封杀，总要学着长大，孩子大了要分家，还好年轻就是资本，趁现在还来得及找回初心，也不要被资本割韭菜😱
4686743301259936	,0	,29,4686770241279229	,2021-09-29 14:22:44,6,,李小葱是妖孽,1872209135,f,841,1053,资本只会逐利，可是子柒是慢慢打磨自己的作品，不是捞快钱的那种人。和恶臭的资本切割吧，从头再来依然支持她这个人。
4686743301259936	,0	,28,4686768999498285	,2021-09-29 14:17:47,1,,狙击手夏天壁虎,2618803865,m,765,1014,换个资本 继续努力，加油
4686743301259936	,0	,27,4686767176027555	,2021-09-29 14:10:33,6,,东东子你是年少的欢喜,6283846969,m,2865,1.7万,想起以前在哪个杂志看到的某货刚开始和李子柒说的我们合作是为了梦想，不是挣钱……现在觉得真搞笑@李子柒 @李子柒品牌官方微博
4686743301259936	,0	,23,4686765623350821	,2021-09-29 14:04:23,0,,两个橘子橘子,2436745467,m,149,48,@橘子橘子两个
4686743301259936	,4686763877993702	,0,4686810343016162	,2021-09-29 17:02:05,0,,沿海大通道边上的字拆了吗,5484874130,m,49,689,人家是先红后被资本发现的。搞清楚谁蹭谁。
4686743301259936	,0	,21,4686763877993702	,2021-09-29 13:57:27,2,,JohnXUH,1147173255,m,107,689,红了就要毁约，亏了你补钱吗
4686743301259936	,0	,18,4686763005579013	,2021-09-29 13:53:59,0,,永远都在花钱买教训的我T_T,1733747655,f,300,437,@LJ__ 原来你说的是这个。这个视频讲得蛮好，你看看
4686743301259936	,0	,12,4686752507495025	,2021-09-29 13:12:15,0,,碧咸摩羯A型血,1064173881,m,409,469,67% 51% 34%，控制权
4686743301259936	,4686749768353993	,0,4686767426372661	,2021-09-29 14:11:32,0,,淡墨晨屿,2767544564,m,440,425,如果网红培育公司都是骗投资人的骗子，那么监狱才是他们该待的地方。因为他们干的事，和传销没区别了。就好比美国抓孟晚舟的理由是误导汇丰。这些网红公司，在误导投资机构，并且在油管发布，必定涉及美元交易。美国长臂管辖规则下，可以抓人。
4686743301259936	,0	,10,4686749768353993	,2021-09-29 13:01:23,3,,仙洲畸子,1781565834,m,435,425,这些的确是商业合作中至关重要的东西，但大多数人没有这些意识。重要的商业项目咨询靠谱的律师和注册会计师确实是非常必要的。
4686743301259936	,0	,6,4686748179500891	,2021-09-29 12:55:04,1,,老吉小姐二点零,6236144564,f,390,112,小编还请加字幕吧！观看体验好很多
4683682508178808	,4685682380900297	,0,4685701024583069	,2021-09-26 15:34:03,0,,岱琳,1638699153,f,2317,4316,谢谢你的喜欢
4683682508178808	,0	,30,4685682380900297	,2021-09-26 14:19:58,2,,非常鱼块,2119702437,f,633,4316,太喜欢这样的说话方式.喜欢博主
4683682508178808	,4683682658386615	,0,4683683035874028	,2021-09-21 01:55:17,0,,岱琳,1638699153,f,2317,6,我在意大利哇，咱们有时差。你早点睡吧
4683682508178808	,0	,1,4683682658386615	,2021-09-21 01:53:47,2,,小熊摔泥,5324289486,f,414,6,姐你还不睡呢中秋快乐哦！
4683682508178808	,4683838934486925	,0,4683857776086617	,2021-09-21 13:29:38,0,,岱琳,1638699153,f,2317,222,意大利语的“再见”
4683682508178808	,4683838934486925	,0,4683900415379916	,2021-09-21 16:19:04,0,,每天都睡個好覺的amber,3202703253,f,217,222,第一次评论，居然就是铁粉[贏牛奶]
4683682508178808	,0	,20,4683838934486925	,2021-09-21 12:14:46,0,,stone_222,1918992112,m,404,222,qiao qiao是啥意思？
4683682508178808	,4683785460778922	,0,4683858010178250	,2021-09-21 13:30:33,0,,岱琳,1638699153,f,2317,456,这是最佳方法
4683682508178808	,4683785460778922	,0,4683949836862920	,2021-09-21 19:35:26,0,,移舟听风雨,1167164682,f,481,456,回复@岱琳:自己成为ip又是老板才是利益最大化 你又了解互联网规则又懂内容，你签给谁你都亏，自己上最上算
4683682508178808	,0	,13,4683785460778922	,2021-09-21 08:42:17,1,,移舟听风雨,1167164682,f,481,456,开个公司签自己
4683682508178808	,0	,23,4683870907400736	,2021-09-21 14:21:48,2,,周游列国,1617968962,m,1453,4676,我就一直想做自己的账号，不单纯是做金融，更多的是分享自己的生活，找到更多有共鸣的朋友。
4683682508178808	,0	,4,4683693132349888	,2021-09-21 02:35:24,4,,冬妮婭-獻給成都,1803643684,f,203,100,现实中公主都是用来和亲和联姻用的
4683682508178808	,0	,31,4686323993284092	,2021-09-28 08:49:30,0,,刘畅畅畅呀呀,5968263796,f,329,46,都是精华
4683682508178808	,0	,28,4685093152751998	,2021-09-24 23:18:34,0,,拾闲燕,1779779627,f,213,369,讲得我好喜欢听
4683682508178808	,0	,27,4684619280547873	,2021-09-23 15:55:34,0,,莲叶和田田,1885378514,f,1504,497,好喜欢听你讲
4683682508178808	,0	,26,4684362258581588	,2021-09-22 22:54:16,0,,萌茶茶Beryl,5319531057,f,284,18,喜欢姐姐这些接地气，展示真实生活的博主，反倒不怎么看网红博主，除非在内容质量方面好的，比如李子柒……
4683682508178808	,0	,21,4683867337786518	,2021-09-21 14:07:38,0,,盼姐不要胖,2438733034,f,379,111,
4683682508178808	,0	,18,4683821313689258	,2021-09-21 11:04:45,0,,加辣红烧牛肉扁粉,6402930385,f,100,35,现在当博主限制可太多了……动不动什么言论就被狙，还容易违反什么条例被禁言炸号……
4683682508178808	,0	,17,4683816482639085	,2021-09-21 10:45:33,0,,爱痒的Jules,1937523301,f,498,190,喜欢小姐姐
4683682508178808	,0	,16,4683816369128962	,2021-09-21 10:45:06,0,,-山醪-,1940675480,f,260,209,原来如此 一直不知道她发生了什么事
4683682508178808	,0	,12,4683783570458547	,2021-09-21 08:34:46,0,,DSNAKE_ELSIE,1913858114,f,372,229,这期视频有内容加油，越来越好
4683682508178808	,0	,9,4683743232525139	,2021-09-21 05:54:29,0,,齿颊留香,1440072480,f,64,70,越来越喜欢博主了
4683682508178808	,0	,8,4683724425789529	,2021-09-21 04:39:45,0,,红旗下的蛋1984,2183575577,m,1983,687,为啥把语速调那么快呢！
4683682508178808	,0	,5,4683697624711586	,2021-09-21 02:53:15,0,,梧5慢慢,3943093391,f,170,330,就喜欢听你唠嗑又养眼还涨见识
4683682508178808	,0	,2,4683684755800406	,2021-09-21 02:02:06,0,,·吹衣·,5066253982,f,528,98,幸亏半夜饿醒了让我前排看见姐姐的视频
4683682508178808	,0	,29,4685222182912487	,2021-09-25 07:51:18,0,,清醒一点X,1310287430,f,187,234,羡慕你这个时候去了西班牙的勇气与决绝～
4683682508178808	,0	,25,4684132792404278	,2021-09-22 07:42:27,0,,黑色教廷,2243507230,m,207,32,没上市属于合作关系，利益风险均摊，上市后你没有股权是赚钱我们来，欠债你来还，个人理解
4683682508178808	,0	,14,4683789945012817	,2021-09-21 09:00:05,0,,一缕阳光1061,1651172444,f,342,123,节日快乐！姐姐讲的都是自己的经历经验，这是内容的诚意。
4683682508178808	,0	,7,4683714132967516	,2021-09-21 03:58:51,0,,我知道自己是韭菜,6227621160,m,236,61,中秋节快乐
4683682508178808	,0	,6,4683711491342514	,2021-09-21 03:48:21,0,,我知道自己是韭菜,6227621160,m,236,61,大琳琳励志的典范
4683682508178808	,0	,11,4683767467476548	,2021-09-21 07:30:47,0,,布丁奶茶001,6924050415,f,181,4,礼貌请教：那以新媒体平台为媒介，赚个兼职的外快（月入一两千这种）现实吗？
4683682508178808	,0	,10,4683745230061978	,2021-09-21 06:02:25,2,,兔博,1658271891,m,188,353,真的是，有能力自己做，从内容方向到商业化自己想办法去磨合去尝试，内生的成长起来，没有这个把控能力干嘛做呢？看开且及早放弃。
4683682508178808	,0	,3,4683686957548409	,2021-09-21 02:10:52,0,,王哈哈爱科学,2075515890,f,51,1035,李子柒在油管的频道应该还能保住吧.得换个名字？
4521945603973586	,4521945758005019	,0,4521984790511603	,2020-07-01 21:04:10,0,,大山V旭日东升,6463574394,m,227,70万,让他们永远仿效不能超越就行了！
4521945603973586	,0	,2,4521945758005019	,2020-07-01 18:29:04,78,,梦游的浩浩,2251703381,m,203,70万,文化输出不是好事嘛，大家都学中国才好呢，先从免费开始
4521945603973586	,0	,11,4521946681013180	,2020-07-01 18:32:45,34,,许宜涵,2639496135,m,230,591,关键李子柒视频有温度。不是模仿抄袭可以感受到的。只得其形未得其魂
4521945603973586	,0	,20,4521948757141023	,2020-07-01 18:41:00,34,,时光讳莫成谜i,2400423957,f,1065,243,我觉着不算抄袭，农村生活题材又不是李专属的……
4521945603973586	,4521963425528319	,0,4522269878316753	,2020-07-02 15:57:00,0,,京城可曾见夏花,1650488174,f,700,406,回复@Dewbauchee:哈哈哈哈好玩  谢谢科普
4521945603973586	,0	,39,4521963425528319	,2020-07-01 19:39:16,16,,昆仑山勋爵,5278084514,m,213,406,李子柒看起来也不像是会干农活的样，她难道不是抄袭么？
4521945603973586	,4521945746774025	,0,4521946023531271	,2020-07-01 18:30:08,0,,总ZOZO总,6574349400,m,520,1601,说的对
4521945603973586	,0	,1,4521945746774025	,2020-07-01 18:29:02,15,,外婆小镇的回忆,2500708681,m,456,1601,哪有心思搞原创，他们都挣快钱！
4521945603973586	,4521960392192486	,0,4521988636599479	,2020-07-01 21:19:28,0,,悟空空空你在哪,7101347879,f,1120,3377,我们告越南，妨碍韩国告我们吗？
4521945603973586	,0	,36,4521960392192486	,2020-07-01 19:27:13,7,,ray鹿鹿,2156045534,m,310,3377,我们的综艺节目也抄袭韩国啊。
4521945603973586	,0	,35,4521956751665666	,2020-07-01 19:12:45,6,,领悟low,5151391502,m,37,247,腾讯这么多年模仿各种游戏 别人维权胜诉了吗？
4521945603973586	,4521966277701056	,0,4521984773544363	,2020-07-01 21:04:07,0,,1997Zzzsq,3819392555,m,654,101,回复@芒心之行:兄弟，你这话的前后有什么因果联系吗？
4521945603973586	,0	,43,4521966277701056	,2020-07-01 19:50:37,3,,1997Zzzsq,3819392555,m,654,101,题材当然可以模仿，但是视频的拍摄手法、镜头设计、服装等等都属于人家的知识产权，这么明显的抄袭难道不应该维权？
4521945603973586	,0	,5,4521945906047791	,2020-07-01 18:29:40,2,,总ZOZO总,6574349400,m,520,2.4万,但是还是不行的，万一大家都来抄袭怎么办
4521945603973586	,0	,41,4521965636028650	,2020-07-01 19:48:04,4,,木耳他爹,1713716333,m,832,1129,说得好像我们能上youtube似的
4521945603973586	,0	,17,4521948291532188	,2020-07-01 18:39:08,3,,Terence梦游仙境,5724015247,f,172,116,反正大家都只承认李子柒
4521945603973586	,0	,26,4521951177547637	,2020-07-01 18:50:36,4,,活不是一天能干完的,6356144499,m,415,158,维权就没必要了吧，我们好多产业都这样搞起来的，不能吃了饭就砸锅吧
4521945603973586	,0	,24,4521949956922415	,2020-07-01 18:45:46,2,,担心砸到花花草草的小懵懂,1895190241,m,33,107,它要是出来了，就让我和它挨着……
4521945603973586	,0	,38,4521961709973101	,2020-07-01 19:32:28,2,,蓬头獒,2684618873,f,410,211,连侧脸都很像啊，服装、发型、构图、色调、配乐各方面确实都差不多，远景根本分不出谁是谁
4521945603973586	,0	,30,4521953303655060	,2020-07-01 18:59:04,2,,-请别离开我-,6706511466,f,192,78,咦惹，虽然，但是，emmm，虽然，文化输出是好事，农民干活也都一样，不过，emmm，这个，好像有点刻意模仿了哎，
4521945603973586	,0	,66,4522045071045547	,2020-07-02 01:03:43,1,,沣尘,5106383303,m,216,186,评论是怎么了，怎么和今天上热搜的画风完全不一样，不谴责抄袭者反而说受害者
4521945603973586	,0	,45,4521967414319116	,2020-07-01 19:55:07,1,,易天SP,2187933547,m,219,96,越南人抄袭你解释中国法律有个毛用啊，拿条咸鱼当尚方宝剑吗
4521945603973586	,0	,44,4521966578556322	,2020-07-01 19:51:49,1,,云烟过眼前,6186149128,f,620,43,这有侵权吗？你的生活方式别人不可复制吗？对吧？
4521945603973586	,0	,71,4522179687819751	,2020-07-02 09:58:38,0,,余榮光I,2318825090,m,268,778,又不是发明专利和著作版权，抄就抄呗。小米和Vivo不都模仿抄过apple吗？
4521945603973586	,0	,6,4521945967769964	,2020-07-01 18:29:55,0,,总ZOZO总,6574349400,m,520,2.4万,谁还有心搞创造
4521945603973586	,0	,69,4522143323771419	,2020-07-02 07:34:08,0,,GO秦余行GO,6086458997,m,718,596,农民干活肯定雷同，还有这件事把李子7，给带火了一把。
4521945603973586	,0	,68,4522128907462577	,2020-07-02 06:36:51,0,,绿衫军Boston,6179012910,m,98,41,想想电影不也是这样，这叫致敬！反正中国电影不经常致敬！
4521945603973586	,0	,65,4522039459834079	,2020-07-02 00:41:25,0,,真理国,6148644684,m,477,522,作假都想垄断呀
4521945603973586	,0	,58,4521983355833277	,2020-07-01 20:58:28,0,,毗耶灵石,2398250143,m,120,111,都是干农活，算哪门子抄袭。要是真的容易抄袭，也轮不到越南了
4521945603973586	,0	,55,4521973588165636	,2020-07-01 20:19:39,0,,幸好我是你爸,1767477975,m,80,125,一本正经胡说八道的感觉
4521945603973586	,0	,47,4521967959779868	,2020-07-01 19:57:18,0,,Ruby幸福的小窝,1092553522,f,857,290,李子染来啦
4521945603973586	,0	,33,4521955326521668	,2020-07-01 19:07:06,0,,s-bad,2230807443,m,807,259,仙与🐔不同  观众的眼睛是雪亮的
4521945603973586	,0	,23,4521949693381899	,2020-07-01 18:44:43,1,,北美病夫崴栗古,7234030224,m,111,6,现在感觉你们发什么好像都是在造谣。
4521945603973586	,0	,22,4521949303628798	,2020-07-01 18:43:10,0,,成都阿居,5124369220,m,1728,271,这个生意好来钱，有一个就两个就有N个
4521945603973586	,0	,74,4687452646149010	,2021-10-01 11:34:22,0,,Wxmeng2558,2625530167,f,75,229,穿的衣服都类似
4521945603973586	,0	,64,4522019549503435	,2020-07-01 23:22:18,0,,liujingang3,1099592837,m,287,85,女神和女汉子怎么办
4521945603973586	,0	,21,4521948921966879	,2020-07-01 18:41:39,0,,田间小道儿,5771527607,f,253,76,都是干农活
4521945603973586	,0	,9,4521946588745192	,2020-07-01 18:32:23,0,,三九谑社,7218909491,m,178,1214,连越南的也抄。唉。
4521945603973586	,0	,14,4521947604881679	,2020-07-01 18:36:25,0,,大石图夫,1800886033,m,39,2万,保护主义只有在国内才管用，出了国就是自取其辱
4521945603973586	,0	,61,4521989451426935	,2020-07-01 21:22:42,0,,金钱权利掩没中的一丝光,7244924837,m,266,151,本来不应该参与这种话题:其一:李本身自己也只是在别人的劳动成果上，集结了精华部分。著作权是以文字等，所有一切全出自一人之作，而且要有相关证件。田园生活是人人都可以的，而且中国像李子柒这样的女性同胞数以千万计，只不是没有包装，没人拍照而已，争个猫猫眼哦。
4521945603973586	,0	,60,4521984803963237	,2020-07-01 21:04:13,0,,aryavalokitesvaro,2196283973,m,47,44, 真侵权就跑去越南告她，不过估计难度不小。如果这种行为在越南不算侵权，那还真没法告  
4521945603973586	,4521975084786310	,0,4521985324272381	,2020-07-01 21:06:17,0,,GuoHo,3716356700,m,247,178,大家说的很对 有问题吗
4521945603973586	,4521975084786310	,0,4521989585749861	,2020-07-01 21:23:13,0,,Sovereignjoey,2165404757,m,499,178,回复@GuoHo:狗💩 我急了我急了我急了我急了
4521945603973586	,0	,57,4521975084786310	,2020-07-01 20:25:36,1,,Sovereignjoey,2165404757,m,499,178,评论恶意太大了。@GuoHo
4521945603973586	,0	,56,4521974199783867	,2020-07-01 20:22:06,0,,SAM-阿三,1564554685,m,2115,1113,我叫季孑染
4521945603973586	,0	,49,4521969040829666	,2020-07-01 20:01:36,0,,小熊坐摇摇车,5204706082,m,516,75,李子柒的刀工是学不来的，666
4521945603973586	,0	,40,4521964791830614	,2020-07-01 19:44:42,0,,林登万将军,1659430154,m,151,216,那综艺节目为啥能有品牌
4799930991122862	,4800097499482630	,0,4800116156531550	,2022-08-08 08:58:55,0,来自河南,三千院风,2137762643,m,514,25,一点浅见
4799930991122862	,0	,1,4800097499482630	,2022-08-08 07:44:48,1,来自湖南,人生体验队长,7010507817,f,418,25,感觉提出的几条都很中肯
4799851546806026	,0	,1,4799868859582150	,2022-08-07 16:36:16,1,来自贵州,罗一罗,7524419514,m,171,32.3万,这是维权的新里程碑。希望李子柒的案件也能够维权成功。#谭谈交通重新上线#
4796989013492769	,0	,2,4796991337139628	,2022-07-30 18:02:01,3,来自云南,Bunny爱煎蛋,1763393723,f,404,1855,我最关心李子柒啥时候回来，她是我国现在最有影响力的外宣了在油管上真的很火！可惜！
4796989013492769	,0	,1,4796990879435223	,2022-07-30 18:00:12,0,来自湖南,闵闵is_my_dream,7489363288,f,29,4,我只能说有防的hg是真的好，因为他们kpop文化被很多人知道，之前我关注过中国文化输出，只能说……不太好
4793337615487429	,0	,1,4793337929796144	,2022-07-20 16:04:41,0,来自陕西,江渡啊啊,7509252922,f,61,0,事不关己高高挂起可能觉得自己被开除国籍了
4793337615487429	,0	,2,4793338497338536	,2022-07-20 16:06:56,0,来自山东,kl蝶羽,7680616485,f,89,11,#耐克nike抵制新疆棉花# #英特尔宣称禁用新疆产品# #宝马辱华# #阿玛尼将香港台湾称为国家# #蒂芙尼辱华# 数不胜数，现在人家都混的很好，而且基本是和上面合作
4792986733644304	,0	,1,4792986737311763	,2022-07-19 16:49:09,0,,超话社区,5878659096,m,276,2.35亿,你好，你感兴趣的“李子柒”已开通了超话社区～ 超话社区是微博旗下兴趣互动社区，快来与志同道合的小伙伴们一起交流互动吧！ 戳我进入&gt;&gt; 李子柒
4792946484318684	,4792947562776619	,0,4792948174095419	,2022-07-19 14:15:55,0,来自辽宁,得九呗,1804173311,f,377,1,我觉得他们不在乎 他们只在乎资本 每次遇到这样的事 没见到外宣有啥动作
4792946484318684	,0	,1,4792947562776619	,2022-07-19 14:13:30,2,来自广东,ilisalu,5357347705,f,40,1,中国真的需要这种对外文化输出的人才啊！！
4792946484318684	,0	,4,4793009486960741	,2022-07-19 18:19:34,0,,超话社区,5878659096,m,276,2.35亿,你好，你感兴趣的“李子柒”已开通了超话社区～ 超话社区是微博旗下兴趣互动社区，快来与志同道合的小伙伴们一起交流互动吧！ 戳我进入&gt;&gt; 李子柒
4792942285292326	,0	,1,4792942285820485	,2022-07-19 13:52:32,0,,超话社区,5878659096,m,276,2.35亿,你好，你感兴趣的“李子柒”已开通了超话社区～ 超话社区是微博旗下兴趣互动社区，快来与志同道合的小伙伴们一起交流互动吧！ 戳我进入&gt;&gt; 李子柒
4792936619835797	,0	,1,4792936619839400	,2022-07-19 13:30:01,0,,超话社区,5878659096,m,276,2.35亿,你好，你感兴趣的“李子柒”已开通了超话社区～ 超话社区是微博旗下兴趣互动社区，快来与志同道合的小伙伴们一起交流互动吧！ 戳我进入&gt;&gt; 李子柒
4792932912075104	,0	,1,4792932916006291	,2022-07-19 13:15:18,0,,超话社区,5878659096,m,276,2.35亿,你好，你感兴趣的“李子柒”已开通了超话社区～ 超话社区是微博旗下兴趣互动社区，快来与志同道合的小伙伴们一起交流互动吧！ 戳我进入&gt;&gt; 李子柒
4792932673262374	,0	,1,4792995993882513	,2022-07-19 17:25:57,0,,超话社区,5878659096,m,276,2.35亿,你好，你感兴趣的“李子柒”已开通了超话社区～ 超话社区是微博旗下兴趣互动社区，快来与志同道合的小伙伴们一起交流互动吧！ 戳我进入&gt;&gt; 李子柒
4792930155628079	,0	,1,4792930923710938	,2022-07-19 13:07:23,3,来自江苏,青红捏了个皂白丶,5299195011,f,897,173,诶 Dior还说参考韩国...实际放的图还是我国的...难道就没人关心关心吗
4792930155628079	,0	,3,4792992189388511	,2022-07-19 17:10:50,0,,超话社区,5878659096,m,276,2.35亿,你好，你感兴趣的“李子柒”已开通了超话社区～ 超话社区是微博旗下兴趣互动社区，快来与志同道合的小伙伴们一起交流互动吧！ 戳我进入&gt;&gt; 李子柒
4792930155628079	,0	,2,4792931750250345	,2022-07-19 13:10:40,2,来自四川,yummy余米,2149854151,m,565,495,知道越多，会对--越失望的
4792924833582892	,0	,1,4792985457527480	,2022-07-19 16:44:05,0,,超话社区,5878659096,m,276,2.35亿,你好，你感兴趣的“李子柒”已开通了超话社区～ 超话社区是微博旗下兴趣互动社区，快来与志同道合的小伙伴们一起交流互动吧！ 戳我进入&gt;&gt; 李子柒
4792924133656275	,0	,1,4792984731910790	,2022-07-19 16:41:11,0,,超话社区,5878659096,m,276,2.35亿,你好，你感兴趣的“李子柒”已开通了超话社区～ 超话社区是微博旗下兴趣互动社区，快来与志同道合的小伙伴们一起交流互动吧！ 戳我进入&gt;&gt; 李子柒
4792921029086298	,0	,1,4792981675312500	,2022-07-19 16:29:02,0,,超话社区,5878659096,m,276,2.35亿,你好，你感兴趣的“李子柒”已开通了超话社区～ 超话社区是微博旗下兴趣互动社区，快来与志同道合的小伙伴们一起交流互动吧！ 戳我进入&gt;&gt; 李子柒
4792919410346631	,0	,1,4792979975309245	,2022-07-19 16:22:18,0,,超话社区,5878659096,m,276,2.35亿,你好，你感兴趣的“李子柒”已开通了超话社区～ 超话社区是微博旗下兴趣互动社区，快来与志同道合的小伙伴们一起交流互动吧！ 戳我进入&gt;&gt; 李子柒
4792918713310377	,4792930319732783	,0,4792932495788762	,2022-07-19 13:13:37,0,来自河南,generous_c,7308521768,m,78,0,?
4792918713310377	,0	,2,4792930319732783	,2022-07-19 13:04:59,0,来自广东,乌龙菓菓,7761348781,f,3,0,你可拉倒吧
4792918713310377	,0	,3,4792979258609357	,2022-07-19 16:19:27,0,,超话社区,5878659096,m,276,2.35亿,你好，你感兴趣的“李子柒”已开通了超话社区～ 超话社区是微博旗下兴趣互动社区，快来与志同道合的小伙伴们一起交流互动吧！ 戳我进入&gt;&gt; 李子柒
4792916872005304	,0	,2,4792977438807426	,2022-07-19 16:12:13,0,,超话社区,5878659096,m,276,2.35亿,你好，你感兴趣的“李子柒”已开通了超话社区～ 超话社区是微博旗下兴趣互动社区，快来与志同道合的小伙伴们一起交流互动吧！ 戳我进入&gt;&gt; 李子柒
4792916092132048	,0	,1,4792976683043509	,2022-07-19 16:09:13,0,,超话社区,5878659096,m,276,2.35亿,你好，你感兴趣的“李子柒”已开通了超话社区～ 超话社区是微博旗下兴趣互动社区，快来与志同道合的小伙伴们一起交流互动吧！ 戳我进入&gt;&gt; 李子柒
4792913814360467	,0	,1,4792974397673754	,2022-07-19 16:00:08,0,,超话社区,5878659096,m,276,2.35亿,你好，你感兴趣的“李子柒”已开通了超话社区～ 超话社区是微博旗下兴趣互动社区，快来与志同道合的小伙伴们一起交流互动吧！ 戳我进入&gt;&gt; 李子柒
4792232547455269	,0	,1,4792990395271937	,2022-07-19 17:03:42,0,来自四川,小高能,1856015474,m,141,4316,早就没有公信力了 信任危机
4791283820272764	,0	,1,4791975816992411	,2022-07-16 21:52:08,0,来自广东,古香古食龙哥,7606898843,m,7,0,别拉上李子柒，李子柒的号在她手上，她不想更新给杭州公司带流量，因为对方拿走了合资公司李子柒品牌，正打官司呢！谭某当然就是侵权了，
4791190497792043	,0	,1,4791191079751125	,2022-07-14 17:53:52,3,来自河南,卓卓Wenxin,3449558360,f,733,626,这可有点让我为难了
4791190497792043	,0	,7,4791193684678102	,2022-07-14 18:04:13,2,来自江苏,甜甜的多巴胺呢,6421961719,f,372,119,还是持续的关注着吧
4791190497792043	,0	,14,4792166121215005	,2022-07-17 10:28:20,0,来自重庆,请叫我MrDecide,2993408727,m,548,148,天地之间有杆秤，大秤砣是老百姓
4791190497792043	,0	,8,4791193734748402	,2022-07-14 18:04:25,1,来自山西,射手座的宸揰,5382359794,m,1062,142,咱也不懂，坐等回应吧
4791190497792043	,0	,6,4791192582100088	,2022-07-14 17:59:50,0,来自四川,也许lgo,2506529185,f,457,99,这是咋的了啊
4791190497792043	,0	,4,4791191290249991	,2022-07-14 17:54:41,0,来自山西,天线宝宝飞翔,7712312767,f,1351,992,坐等默默吃瓜吧，咱也无法判断
4791190497792043	,0	,11,4791193870009837	,2022-07-14 18:04:57,0,来自黑龙江,昵称出征,3254754513,m,1044,528,这种的一定要严惩啊
4791190497792043	,0	,10,4791193865030557	,2022-07-14 18:04:56,0,来自新疆,优优晓怡,7746684164,f,539,320,相信大家心里都有一杆称
4789969854400950	,0	,1,4789970524702184	,2022-07-11 09:03:49,5,来自广东,梦说·,6219528362,m,24,23,和视觉中国这公司 有异曲同工之妙了
4789843420253363	,0	,2,4789844625064796	,2022-07-11 00:43:32,7,来自云南,三句话让李泽言给我花了十八万,6941830648,f,159,11,就像最近流行的一句话“我才不要闭嘴，我要上去撕烂他的嘴”
4789843420253363	,0	,3,4793084645475204	,2022-07-19 23:18:12,0,来自河北,茉露不emo,7386173250,f,676,2,世界变了 又没全变 人性一直都一样
4785730767029933	,0	,2,4785732403594775	,2022-06-29 16:23:02,0,来自湖南,龙眼凤梨冰,7743780076,f,65,160,做过蛮多事情，但也好多没有付诸实践，今年做点东西出来吧，坚持一下
4785730767029933	,0	,1,4785731363144821	,2022-06-29 16:18:53,0,来自湖南,龙眼凤梨冰,7743780076,f,65,160,就算是同量级的网红，也没有做到她这么牛的。em……雪梨算不算?张大奕?勉强算吧，不过张大奕有人背后给流量啊，我觉得不能算。林小宅店铺算不上量级。
4773803722804707	,0	,3,4773816037805841	,2022-05-27 19:11:39,0,来自北京,戈滨15601263897,1535838874,m,340,1万,我也想偶然性🙏
4773803722804707	,0	,2,4773812237240504	,2022-05-27 18:56:33,0,来自湖北,皇龙斩,5706382109,m,98,6,人家吧李子柒运营上了央视，但也就是那一刻起，他们谈崩了
4773803722804707	,0	,1,4773805891521874	,2022-05-27 18:31:20,0,来自北京,明明就是666198907,7746949583,m,30,7,李子柒直买的时候，我们再买。不急。
4764074263450779	,4764074833348546	,0,4764077387422675	,2022-04-30 22:13:44,0,来自福建,渔小狗,7526255735,m,778,1,笑死了
4764074263450779	,0	,5,4764074833348546	,2022-04-30 22:03:34,129,来自湖南,当帅哥好累好累,7402871003,m,31,1,#ty艳压金智秀欧阳娜娜郭麒麟魏大勋王俊凯李玉刚吴京刘宇宁等众多明星#
4764074263450779	,0	,18,4764114726159580	,2022-05-01 00:42:06,21,来自北京,赶紧喝,1624601372,m,273,1.2万,不能像他们，瓜的要命。
4764074263450779	,0	,22,4764254262263995	,2022-05-01 09:56:33,6,来自重庆,XiaO峰会有狗的,6063591762,m,199,172,ty咋这么像你@带篮子官方 
4764074263450779	,0	,24,4764307562430468	,2022-05-01 13:28:21,1,来自山东,怪-人-阿-恒-,2770257621,m,182,1008,都怪嬉笑堂流量巨大
4764074263450779	,0	,21,4764166706167938	,2022-05-01 04:08:39,3,来自广东,对不起再也不说对不起,5861601316,f,253,431,踢歪这张好帅
4764074263450779	,0	,14,4764086442660095	,2022-04-30 22:49:43,0,来自浙江,-HappyTime,5609753822,f,518,1379,‼️文娱榜啦
4764074263450779	,0	,8,4764075218962203	,2022-04-30 22:05:07,0,来自湖南,日落于海底沉溺,7739001013,m,107,6,🤗🤗🤗
4764074263450779	,0	,3,4764074745529430	,2022-04-30 22:03:14,0,来自广东,-Chanson_,2612839965,m,593,185,同款手机壳
4764074263450779	,0	,26,4764972799758575	,2022-05-03 09:31:47,0,来自青海,半生幽浮,6475972938,f,130,53,
4764074263450779	,0	,25,4764319427855819	,2022-05-01 14:15:31,0,来自江苏,不客气了吧,2921453567,m,111,25,明知是谣言，还是多次一举，但ty哥长了热度。
4764074263450779	,0	,20,4764123806827818	,2022-05-01 01:18:11,0,来自湖南,砍人,7149290593,f,126,6,
4764074263450779	,0	,19,4764120752063412	,2022-05-01 01:06:02,0,来自四川,端庄典丽千机伞,6104430142,f,867,147,#ty 哈圈顶流#
4764074263450779	,0	,17,4764112515763669	,2022-05-01 00:33:19,0,来自山西,---秘密---,5857801131,f,362,40,好家伙
4764074263450779	,0	,15,4764086702709710	,2022-04-30 22:50:45,0,来自山东,童芷鹅,7312324285,m,401,32,
4764074263450779	,0	,13,4764078087604126	,2022-04-30 22:16:31,0,来自江苏,我的烦恼比快乐多呢,3231416781,m,173,57,想念歪哥的寸头了
4764074263450779	,0	,9,4764075370742563	,2022-04-30 22:05:42,0,来自四川,飞天小女警08号,7600151954,f,79,4,顶流歪哥
4764074263450779	,0	,7,4764075110700783	,2022-04-30 22:04:41,0,来自四川,逢凉时,5165645042,m,82,31,
4764074263450779	,0	,1,4764074384033889	,2022-04-30 22:01:48,0,来自陕西,你吵到我眼睛,5660387356,f,438,465,
4764074263450779	,0	,16,4764093350938014	,2022-04-30 23:17:10,0,来自北京,把你麻E过来AQQRW,5283343680,m,82,29,ty都吸drug 盖锅不吸drug
4764074263450779	,0	,4,4764074792195061	,2022-04-30 22:03:25,1,来自美国,CAssiey-pan,1645191105,f,611,704,懂得都懂
4764074263450779	,0	,23,4764292979363001	,2022-05-01 12:30:25,0,来自山东,Bootter,6140732881,m,24,19,@盛宇Damnshine 火速出歌diss
4764074263450779	,0	,12,4764077874481157	,2022-04-30 22:15:40,0,来自广东,章鱼胳膊肘纸,6558125815,m,143,514,笑死了
4764074263450779	,0	,11,4764076456285184	,2022-04-30 22:10:02,0,来自山东,lluxy_,7184813122,f,322,13,不是买的嗷！买的最高也只能排第三
4764074263450779	,4764074879749387	,0,4764081833380511	,2022-04-30 22:31:23,0,来自福建,GaGa不想理你,6736547266,f,209,3,夸张了夸张了
4764074263450779	,0	,6,4764074879749387	,2022-04-30 22:03:46,0,来自福建,Fearless小胡小胡是小胡啦,6971498389,m,254,3,@GaGa不想理你 ty居然也配上一个热搜
4764074263450779	,0	,2,4764074451671011	,2022-04-30 22:02:04,0,来自浙江,inbarown,6220431711,m,68,16,什么成分大家都懂
4764003102884308	,0	,1,4764003102100745	,2022-04-30 17:18:33,0,,超话社区,5878659096,m,276,2.35亿,你好，你感兴趣的“李子柒”已开通了超话社区～ 超话社区是微博旗下兴趣互动社区，快来与志同道合的小伙伴们一起交流互动吧！ 戳我进入&gt;&gt; 李子柒
